Date;Journal;Compte comptable;Libellé;Taxe;D;C;Echéance
2022/01/07;VT;___remises___;Z de caisse 07/01/2022;20%;1.88;
2022/01/07;VT;707200;Z de caisse 07/01/2022;20%;;411.48
2022/01/07;VT;707200;Z de caisse 07/01/2022;5.5%;;51.66
2022/01/07;VT;445712;Z de caisse 07/01/2022;;;81.92
2022/01/07;VT;445715;Z de caisse 07/01/2022;;;2.84
2022/01/07;VT;581;Z de caisse 07/01/2022;;433.59;;
2022/01/07;VT;582;Z de caisse 07/01/2022;;112.44;;
2022/01/07;VT;;Z de caisse 07/01/2022;;;0.01
2022/01/08;VT;707200;Z de caisse 08/01/2022;20%;;1134.66
2022/01/08;VT;707200;Z de caisse 08/01/2022;5.5%;;239.05
2022/01/08;VT;707200;Z de caisse 08/01/2022;0%;50;
2022/01/08;VT;445712;Z de caisse 08/01/2022;;;226.93
2022/01/08;VT;445715;Z de caisse 08/01/2022;;;13.15
2022/01/08;VT;581;Z de caisse 08/01/2022;;1002.43;;
2022/01/08;VT;582;Z de caisse 08/01/2022;;561.36;;
2022/01/11;VT;707200;Z de caisse 11/01/2022;20%;;260.59
2022/01/11;VT;707200;Z de caisse 11/01/2022;5.5%;;14.22
2022/01/11;VT;445712;Z de caisse 11/01/2022;;;52.12
2022/01/11;VT;445715;Z de caisse 11/01/2022;;;0.78
2022/01/11;VT;581;Z de caisse 11/01/2022;;250.52;;
2022/01/11;VT;582;Z de caisse 11/01/2022;;77.19;;
2022/01/12;VT;707200;Z de caisse 12/01/2022;20%;;556.22
2022/01/12;VT;707200;Z de caisse 12/01/2022;5.5%;;75.83
2022/01/12;VT;445712;Z de caisse 12/01/2022;;;111.24
2022/01/12;VT;445715;Z de caisse 12/01/2022;;;4.17
2022/01/12;VT;581;Z de caisse 12/01/2022;;551.80;;
2022/01/12;VT;582;Z de caisse 12/01/2022;;195.66;;
2022/01/13;VT;___remises___;Z de caisse 13/01/2022;20%;2.33;
2022/01/13;VT;707200;Z de caisse 13/01/2022;20%;;517.88
2022/01/13;VT;707200;Z de caisse 13/01/2022;5.5%;;75.83
2022/01/13;VT;445712;Z de caisse 13/01/2022;;;103.11
2022/01/13;VT;445715;Z de caisse 13/01/2022;;;4.17
2022/01/13;VT;581;Z de caisse 13/01/2022;;537.33;;
2022/01/13;VT;582;Z de caisse 13/01/2022;;161.32;;
2022/01/13;VT;;Z de caisse 13/01/2022;;0.01;;
2022/01/14;VT;707200;Z de caisse 14/01/2022;20%;;433.53
2022/01/14;VT;707200;Z de caisse 14/01/2022;5.5%;;4.74
2022/01/14;VT;445712;Z de caisse 14/01/2022;;;86.71
2022/01/14;VT;445715;Z de caisse 14/01/2022;;;0.26
2022/01/14;VT;581;Z de caisse 14/01/2022;;467.39;;
2022/01/14;VT;582;Z de caisse 14/01/2022;;57.85;;
2022/01/15;VT;707200;Z de caisse 15/01/2022;20%;;1053.26
2022/01/15;VT;707200;Z de caisse 15/01/2022;5.5%;;18.77
2022/01/15;VT;707200;Z de caisse 15/01/2022;0%;74.9;
2022/01/15;VT;445712;Z de caisse 15/01/2022;;;210.65
2022/01/15;VT;445715;Z de caisse 15/01/2022;;;1.03
2022/01/15;VT;581;Z de caisse 15/01/2022;;1049.57;;
2022/01/15;VT;582;Z de caisse 15/01/2022;;159.24;;
2022/01/18;VT;___remises___;Z de caisse 18/01/2022;20%;3.03;
2022/01/18;VT;707200;Z de caisse 18/01/2022;20%;;436.22
2022/01/18;VT;707200;Z de caisse 18/01/2022;5.5%;;23.70
2022/01/18;VT;445712;Z de caisse 18/01/2022;;;86.64
2022/01/18;VT;445715;Z de caisse 18/01/2022;;;1.30
2022/01/18;VT;581;Z de caisse 18/01/2022;;390.60;;
2022/01/18;VT;582;Z de caisse 18/01/2022;;154.23;;
2022/01/19;VT;707200;Z de caisse 19/01/2022;20%;;647.97
2022/01/19;VT;707200;Z de caisse 19/01/2022;5.5%;;46.35
2022/01/19;VT;445712;Z de caisse 19/01/2022;;;129.59
2022/01/19;VT;445715;Z de caisse 19/01/2022;;;2.55
2022/01/19;VT;581;Z de caisse 19/01/2022;;579.13;;
2022/01/19;VT;582;Z de caisse 19/01/2022;;247.33;;
2022/01/20;VT;___remises___;Z de caisse 20/01/2022;20%;3.27;
2022/01/20;VT;707200;Z de caisse 20/01/2022;20%;;232.21
2022/01/20;VT;707200;Z de caisse 20/01/2022;5.5%;;82.75
2022/01/20;VT;445712;Z de caisse 20/01/2022;;;45.79
2022/01/20;VT;445715;Z de caisse 20/01/2022;;;4.55
2022/01/20;VT;581;Z de caisse 20/01/2022;;233.91;;
2022/01/20;VT;582;Z de caisse 20/01/2022;;128.12;;
2022/01/21;VT;707200;Z de caisse 21/01/2022;20%;;189.95
2022/01/21;VT;707200;Z de caisse 21/01/2022;5.5%;;52.13
2022/01/21;VT;445712;Z de caisse 21/01/2022;;;37.99
2022/01/21;VT;445715;Z de caisse 21/01/2022;;;2.87
2022/01/21;VT;581;Z de caisse 21/01/2022;;152.55;;
2022/01/21;VT;582;Z de caisse 21/01/2022;;130.39;;
2022/01/22;VT;___remises___;Z de caisse 22/01/2022;20%;3.62;
2022/01/22;VT;707200;Z de caisse 22/01/2022;20%;;981.96
2022/01/22;VT;707200;Z de caisse 22/01/2022;5.5%;;75.83
2022/01/22;VT;445712;Z de caisse 22/01/2022;;;195.67
2022/01/22;VT;445715;Z de caisse 22/01/2022;;;4.17
2022/01/22;VT;581;Z de caisse 22/01/2022;;1066.83;;
2022/01/22;VT;582;Z de caisse 22/01/2022;;187.18;;
2022/01/25;VT;707200;Z de caisse 25/01/2022;5.5%;;28.44
2022/01/25;VT;707200;Z de caisse 25/01/2022;20%;;230.98
2022/01/25;VT;445715;Z de caisse 25/01/2022;;;1.56
2022/01/25;VT;445712;Z de caisse 25/01/2022;;;46.20
2022/01/25;VT;581;Z de caisse 25/01/2022;;212.50;;
2022/01/25;VT;582;Z de caisse 25/01/2022;;94.68;;
2022/01/26;VT;707200;Z de caisse 26/01/2022;20%;;400.38
2022/01/26;VT;707200;Z de caisse 26/01/2022;5.5%;;18.86
2022/01/26;VT;707200;Z de caisse 26/01/2022;0%;40;
2022/01/26;VT;445712;Z de caisse 26/01/2022;;;80.08
2022/01/26;VT;445715;Z de caisse 26/01/2022;;;1.04
2022/01/26;VT;581;Z de caisse 26/01/2022;;323.06;;
2022/01/26;VT;582;Z de caisse 26/01/2022;;137.29;;
2022/01/26;VT;;Z de caisse 26/01/2022;;0.01;;
2022/01/27;VT;707200;Z de caisse 27/01/2022;20%;;361.57
2022/01/27;VT;707200;Z de caisse 27/01/2022;5.5%;;52.04
2022/01/27;VT;445712;Z de caisse 27/01/2022;;;72.31
2022/01/27;VT;445715;Z de caisse 27/01/2022;;;2.86
2022/01/27;VT;581;Z de caisse 27/01/2022;;478.78;;
2022/01/27;VT;582;Z de caisse 27/01/2022;;10.00;;
2022/01/28;VT;707200;Z de caisse 28/01/2022;20%;;394.35
2022/01/28;VT;707200;Z de caisse 28/01/2022;5.5%;;50.14
2022/01/28;VT;445712;Z de caisse 28/01/2022;;;78.87
2022/01/28;VT;445715;Z de caisse 28/01/2022;;;2.76
2022/01/28;VT;581;Z de caisse 28/01/2022;;442.92;;
2022/01/28;VT;582;Z de caisse 28/01/2022;;83.20;;
2022/01/29;VT;707200;Z de caisse 29/01/2022;20%;;1501.78
2022/01/29;VT;707200;Z de caisse 29/01/2022;5.5%;;90.43
2022/01/29;VT;445712;Z de caisse 29/01/2022;;;300.36
2022/01/29;VT;445715;Z de caisse 29/01/2022;;;4.97
2022/01/29;VT;581;Z de caisse 29/01/2022;;1611.18;;
2022/01/29;VT;582;Z de caisse 29/01/2022;;286.36;;
2022/02/01;VT;707200;Z de caisse 01/02/2022;20%;;252.05
2022/02/01;VT;707200;Z de caisse 01/02/2022;5.5%;;18.96
2022/02/01;VT;445712;Z de caisse 01/02/2022;;;50.41
2022/02/01;VT;445715;Z de caisse 01/02/2022;;;1.04
2022/02/01;VT;581;Z de caisse 01/02/2022;;247.12;;
2022/02/01;VT;582;Z de caisse 01/02/2022;;75.34;;
2022/02/02;VT;707200;Z de caisse 02/02/2022;20%;;392.06
2022/02/02;VT;707200;Z de caisse 02/02/2022;5.5%;;28.44
2022/02/02;VT;445712;Z de caisse 02/02/2022;;;78.41
2022/02/02;VT;445715;Z de caisse 02/02/2022;;;1.56
2022/02/02;VT;581;Z de caisse 02/02/2022;;480.35;;
2022/02/02;VT;582;Z de caisse 02/02/2022;;20.12;;
2022/02/03;VT;707200;Z de caisse 03/02/2022;20%;;652.74
2022/02/03;VT;707200;Z de caisse 03/02/2022;5.5%;;26.45
2022/02/03;VT;445712;Z de caisse 03/02/2022;;;130.55
2022/02/03;VT;445715;Z de caisse 03/02/2022;;;1.45
2022/02/03;VT;581;Z de caisse 03/02/2022;;730.84;;
2022/02/03;VT;582;Z de caisse 03/02/2022;;80.35;;
2022/02/04;VT;___remises___;Z de caisse 04/02/2022;20%;1.6;
2022/02/04;VT;707200;Z de caisse 04/02/2022;20%;;402.48
2022/02/04;VT;707200;Z de caisse 04/02/2022;5.5%;;52.04
2022/02/04;VT;445712;Z de caisse 04/02/2022;;;80.18
2022/02/04;VT;445715;Z de caisse 04/02/2022;;;2.86
2022/02/04;VT;581;Z de caisse 04/02/2022;;398.90;;
2022/02/04;VT;582;Z de caisse 04/02/2022;;112.10;;
2022/02/04;VT;584;Z de caisse 04/02/2022;;24.95;;
2022/02/04;VT;;Z de caisse 04/02/2022;;0.01;;
2022/02/05;VT;707200;Z de caisse 05/02/2022;5.5%;;201.80
2022/02/05;VT;707200;Z de caisse 05/02/2022;20%;;1077.10
2022/02/05;VT;445715;Z de caisse 05/02/2022;;;11.10
2022/02/05;VT;445712;Z de caisse 05/02/2022;;;215.42
2022/02/05;VT;581;Z de caisse 05/02/2022;;1017.85;;
2022/02/05;VT;582;Z de caisse 05/02/2022;;487.57;;
2022/02/08;VT;707200;Z de caisse 08/02/2022;20%;;863.56
2022/02/08;VT;707200;Z de caisse 08/02/2022;5.5%;;63.98
2022/02/08;VT;445712;Z de caisse 08/02/2022;;;172.71
2022/02/08;VT;445715;Z de caisse 08/02/2022;;;3.52
2022/02/08;VT;581;Z de caisse 08/02/2022;;842.58;;
2022/02/08;VT;582;Z de caisse 08/02/2022;;261.19;;
2022/02/09;VT;707200;Z de caisse 09/02/2022;20%;;460.44
2022/02/09;VT;707200;Z de caisse 09/02/2022;5.5%;;47.30
2022/02/09;VT;445712;Z de caisse 09/02/2022;;;92.09
2022/02/09;VT;445715;Z de caisse 09/02/2022;;;2.60
2022/02/09;VT;581;Z de caisse 09/02/2022;;463.79;;
2022/02/09;VT;582;Z de caisse 09/02/2022;;138.64;;
2022/02/10;VT;707200;Z de caisse 10/02/2022;20%;;400.10
2022/02/10;VT;707200;Z de caisse 10/02/2022;5.5%;;54.88
2022/02/10;VT;445712;Z de caisse 10/02/2022;;;80.02
2022/02/10;VT;445715;Z de caisse 10/02/2022;;;3.02
2022/02/10;VT;581;Z de caisse 10/02/2022;;476.83;;
2022/02/10;VT;582;Z de caisse 10/02/2022;;61.19;;
2022/02/11;VT;707200;Z de caisse 11/02/2022;20%;;538.98
2022/02/11;VT;707200;Z de caisse 11/02/2022;5.5%;;70.43
2022/02/11;VT;445712;Z de caisse 11/02/2022;;;107.80
2022/02/11;VT;445715;Z de caisse 11/02/2022;;;3.87
2022/02/11;VT;581;Z de caisse 11/02/2022;;616.93;;
2022/02/11;VT;582;Z de caisse 11/02/2022;;104.15;;
2022/02/12;VT;707200;Z de caisse 12/02/2022;20%;;1368.40
2022/02/12;VT;707200;Z de caisse 12/02/2022;5.5%;;80.57
2022/02/12;VT;445712;Z de caisse 12/02/2022;;;273.68
2022/02/12;VT;445715;Z de caisse 12/02/2022;;;4.43
2022/02/12;VT;581;Z de caisse 12/02/2022;;1405.31;;
2022/02/12;VT;582;Z de caisse 12/02/2022;;321.77;;
2022/02/15;VT;707200;Z de caisse 15/02/2022;20%;;384.16
2022/02/15;VT;707200;Z de caisse 15/02/2022;5.5%;;61.61
2022/02/15;VT;445712;Z de caisse 15/02/2022;;;76.83
2022/02/15;VT;445715;Z de caisse 15/02/2022;;;3.39
2022/02/15;VT;581;Z de caisse 15/02/2022;;426.17;;
2022/02/15;VT;582;Z de caisse 15/02/2022;;99.82;;
2022/02/16;VT;707200;Z de caisse 16/02/2022;20%;;352.98
2022/02/16;VT;707200;Z de caisse 16/02/2022;5.5%;;4.74
2022/02/16;VT;445712;Z de caisse 16/02/2022;;;70.60
2022/02/16;VT;445715;Z de caisse 16/02/2022;;;0.26
2022/02/16;VT;581;Z de caisse 16/02/2022;;381.80;;
2022/02/16;VT;582;Z de caisse 16/02/2022;;46.78;;
2022/02/17;VT;707200;Z de caisse 17/02/2022;20%;;775.33
2022/02/17;VT;707200;Z de caisse 17/02/2022;5.5%;;19.81
2022/02/17;VT;445712;Z de caisse 17/02/2022;;;155.07
2022/02/17;VT;445715;Z de caisse 17/02/2022;;;1.09
2022/02/17;VT;581;Z de caisse 17/02/2022;;521.20;;
2022/02/17;VT;582;Z de caisse 17/02/2022;;430.09;;
2022/02/17;VT;;Z de caisse 17/02/2022;;0.01;;
2022/02/18;VT;707200;Z de caisse 18/02/2022;20%;;525.43
2022/02/18;VT;707200;Z de caisse 18/02/2022;0%;;90.00
2022/02/18;VT;707200;Z de caisse 18/02/2022;5.5%;;49.76
2022/02/18;VT;445712;Z de caisse 18/02/2022;;;105.09
2022/02/18;VT;445715;Z de caisse 18/02/2022;;;2.74
2022/02/18;VT;581;Z de caisse 18/02/2022;;522.26;;
2022/02/18;VT;582;Z de caisse 18/02/2022;;250.76;;
2022/02/19;VT;707200;Z de caisse 19/02/2022;20%;;543.38
2022/02/19;VT;445712;Z de caisse 19/02/2022;;;108.68
2022/02/19;VT;581;Z de caisse 19/02/2022;;516.12;;
2022/02/19;VT;582;Z de caisse 19/02/2022;;135.93;;
2022/02/19;VT;;Z de caisse 19/02/2022;;0.01;;
2022/02/22;VT;707200;Z de caisse 22/02/2022;20%;;262.28
2022/02/22;VT;707200;Z de caisse 22/02/2022;5.5%;;14.22
2022/02/22;VT;445712;Z de caisse 22/02/2022;;;52.46
2022/02/22;VT;445715;Z de caisse 22/02/2022;;;0.78
2022/02/22;VT;581;Z de caisse 22/02/2022;;273.85;;
2022/02/22;VT;582;Z de caisse 22/02/2022;;55.89;;
2022/02/23;VT;707200;Z de caisse 23/02/2022;20%;;330.06
2022/02/23;VT;707200;Z de caisse 23/02/2022;5.5%;;23.70
2022/02/23;VT;445712;Z de caisse 23/02/2022;;;66.01
2022/02/23;VT;445715;Z de caisse 23/02/2022;;;1.30
2022/02/23;VT;581;Z de caisse 23/02/2022;;296.34;;
2022/02/23;VT;582;Z de caisse 23/02/2022;;124.73;;
2022/02/24;VT;707200;Z de caisse 24/02/2022;20%;;267.05
2022/02/24;VT;707200;Z de caisse 24/02/2022;5.5%;;9.48
2022/02/24;VT;707200;Z de caisse 24/02/2022;0%;50;
2022/02/24;VT;445712;Z de caisse 24/02/2022;;;53.41
2022/02/24;VT;445715;Z de caisse 24/02/2022;;;0.52
2022/02/24;VT;581;Z de caisse 24/02/2022;;137.60;;
2022/02/24;VT;582;Z de caisse 24/02/2022;;142.86;;
2022/02/25;VT;707200;Z de caisse 25/02/2022;5.5%;;59.72
2022/02/25;VT;707200;Z de caisse 25/02/2022;20%;;338.59
2022/02/25;VT;445715;Z de caisse 25/02/2022;;;3.28
2022/02/25;VT;445712;Z de caisse 25/02/2022;;;67.72
2022/02/25;VT;581;Z de caisse 25/02/2022;;408.51;;
2022/02/25;VT;582;Z de caisse 25/02/2022;;60.80;;
2022/02/26;VT;707200;Z de caisse 26/02/2022;20%;;1385.27
2022/02/26;VT;707200;Z de caisse 26/02/2022;5.5%;;255.55
2022/02/26;VT;707200;Z de caisse 26/02/2022;0%;50;
2022/02/26;VT;445712;Z de caisse 26/02/2022;;;277.05
2022/02/26;VT;445715;Z de caisse 26/02/2022;;;14.05
2022/02/26;VT;581;Z de caisse 26/02/2022;;1659.99;;
2022/02/26;VT;582;Z de caisse 26/02/2022;;221.93;;
2022/03/01;VT;707200;Z de caisse 01/03/2022;20%;;410.77
2022/03/01;VT;707200;Z de caisse 01/03/2022;5.5%;;52.04
2022/03/01;VT;445712;Z de caisse 01/03/2022;;;82.15
2022/03/01;VT;445715;Z de caisse 01/03/2022;;;2.86
2022/03/01;VT;581;Z de caisse 01/03/2022;;436.93;;
2022/03/01;VT;582;Z de caisse 01/03/2022;;110.89;;
2022/03/02;VT;707200;Z de caisse 02/03/2022;20%;;484.02
2022/03/02;VT;707200;Z de caisse 02/03/2022;5.5%;;94.69
2022/03/02;VT;445712;Z de caisse 02/03/2022;;;96.80
2022/03/02;VT;445715;Z de caisse 02/03/2022;;;5.21
2022/03/02;VT;581;Z de caisse 02/03/2022;;609.88;;
2022/03/02;VT;582;Z de caisse 02/03/2022;;70.84;;
2022/03/03;VT;707200;Z de caisse 03/03/2022;20%;;91.66
2022/03/03;VT;707200;Z de caisse 03/03/2022;5.5%;;8.44
2022/03/03;VT;445712;Z de caisse 03/03/2022;;;18.33
2022/03/03;VT;445715;Z de caisse 03/03/2022;;;0.46
2022/03/03;VT;581;Z de caisse 03/03/2022;;83.94;;
2022/03/03;VT;582;Z de caisse 03/03/2022;;34.95;;
2022/03/04;VT;707200;Z de caisse 04/03/2022;20%;;236.19
2022/03/04;VT;707200;Z de caisse 04/03/2022;5.5%;;9.48
2022/03/04;VT;445712;Z de caisse 04/03/2022;;;47.24
2022/03/04;VT;445715;Z de caisse 04/03/2022;;;0.52
2022/03/04;VT;581;Z de caisse 04/03/2022;;269.18;;
2022/03/04;VT;582;Z de caisse 04/03/2022;;24.25;;
2022/03/05;VT;707200;Z de caisse 05/03/2022;20%;;1193.75
2022/03/05;VT;707200;Z de caisse 05/03/2022;5.5%;;48.25
2022/03/05;VT;445712;Z de caisse 05/03/2022;;;238.75
2022/03/05;VT;445715;Z de caisse 05/03/2022;;;2.65
2022/03/05;VT;581;Z de caisse 05/03/2022;;1161.94;;
2022/03/05;VT;582;Z de caisse 05/03/2022;;321.46;;
2022/03/08;VT;707200;Z de caisse 08/03/2022;20%;;467.42
2022/03/08;VT;707200;Z de caisse 08/03/2022;5.5%;;14.22
2022/03/08;VT;445712;Z de caisse 08/03/2022;;;93.48
2022/03/08;VT;445715;Z de caisse 08/03/2022;;;0.78
2022/03/08;VT;581;Z de caisse 08/03/2022;;505.96;;
2022/03/08;VT;582;Z de caisse 08/03/2022;;69.94;;
2022/03/09;VT;707200;Z de caisse 09/03/2022;20%;;368.28
2022/03/09;VT;707200;Z de caisse 09/03/2022;5.5%;;4.74
2022/03/09;VT;445712;Z de caisse 09/03/2022;;;73.66
2022/03/09;VT;445715;Z de caisse 09/03/2022;;;0.26
2022/03/09;VT;581;Z de caisse 09/03/2022;;278.90;;
2022/03/09;VT;582;Z de caisse 09/03/2022;;168.03;;
2022/03/09;VT;;Z de caisse 09/03/2022;;0.01;;
2022/03/10;VT;707200;Z de caisse 10/03/2022;20%;;66.45
2022/03/10;VT;707200;Z de caisse 10/03/2022;5.5%;;3.74
2022/03/10;VT;445712;Z de caisse 10/03/2022;;;13.29
2022/03/10;VT;445715;Z de caisse 10/03/2022;;;0.21
2022/03/10;VT;581;Z de caisse 10/03/2022;;54.75;;
2022/03/10;VT;582;Z de caisse 10/03/2022;;28.94;;
2022/03/11;VT;707200;Z de caisse 11/03/2022;20%;;310.24
2022/03/11;VT;707200;Z de caisse 11/03/2022;5.5%;;16.97
2022/03/11;VT;445712;Z de caisse 11/03/2022;;;62.05
2022/03/11;VT;445715;Z de caisse 11/03/2022;;;0.93
2022/03/11;VT;581;Z de caisse 11/03/2022;;270.34;;
2022/03/11;VT;582;Z de caisse 11/03/2022;;119.85;;
2022/03/12;VT;707200;Z de caisse 12/03/2022;20%;;922.58
2022/03/12;VT;707200;Z de caisse 12/03/2022;5.5%;;64.27
2022/03/12;VT;707200;Z de caisse 12/03/2022;0%;15;
2022/03/12;VT;445712;Z de caisse 12/03/2022;;;184.52
2022/03/12;VT;445715;Z de caisse 12/03/2022;;;3.53
2022/03/12;VT;581;Z de caisse 12/03/2022;;1029.94;;
2022/03/12;VT;582;Z de caisse 12/03/2022;;129.95;;
2022/03/12;VT;;Z de caisse 12/03/2022;;0.01;;
2022/03/15;VT;707200;Z de caisse 15/03/2022;20%;;435.47
2022/03/15;VT;707200;Z de caisse 15/03/2022;5.5%;;22.70
2022/03/15;VT;445712;Z de caisse 15/03/2022;;;87.09
2022/03/15;VT;445715;Z de caisse 15/03/2022;;;1.25
2022/03/15;VT;581;Z de caisse 15/03/2022;;405.66;;
2022/03/15;VT;582;Z de caisse 15/03/2022;;140.85;;
2022/03/16;VT;707200;Z de caisse 16/03/2022;20%;;593.68
2022/03/16;VT;707200;Z de caisse 16/03/2022;5.5%;;73.27
2022/03/16;VT;445712;Z de caisse 16/03/2022;;;118.74
2022/03/16;VT;445715;Z de caisse 16/03/2022;;;4.03
2022/03/16;VT;581;Z de caisse 16/03/2022;;741.63;;
2022/03/16;VT;582;Z de caisse 16/03/2022;;48.09;;
2022/03/17;VT;707200;Z de caisse 17/03/2022;20%;;450.80
2022/03/17;VT;707200;Z de caisse 17/03/2022;5.5%;;41.42
2022/03/17;VT;445712;Z de caisse 17/03/2022;;;90.16
2022/03/17;VT;445715;Z de caisse 17/03/2022;;;2.28
2022/03/17;VT;581;Z de caisse 17/03/2022;;495.81;;
2022/03/17;VT;582;Z de caisse 17/03/2022;;88.85;;
2022/03/18;VT;707200;Z de caisse 18/03/2022;5.5%;;40.52
2022/03/18;VT;707200;Z de caisse 18/03/2022;20%;;309.11
2022/03/18;VT;445715;Z de caisse 18/03/2022;;;2.23
2022/03/18;VT;445712;Z de caisse 18/03/2022;;;61.82
2022/03/18;VT;581;Z de caisse 18/03/2022;;319.49;;
2022/03/18;VT;582;Z de caisse 18/03/2022;;94.19;;
2022/03/19;VT;707200;Z de caisse 19/03/2022;20%;;937.58
2022/03/19;VT;707200;Z de caisse 19/03/2022;5.5%;;93.46
2022/03/19;VT;707200;Z de caisse 19/03/2022;0%;;35.00
2022/03/19;VT;445712;Z de caisse 19/03/2022;;;187.52
2022/03/19;VT;445715;Z de caisse 19/03/2022;;;5.14
2022/03/19;VT;581;Z de caisse 19/03/2022;;1049.34;;
2022/03/19;VT;582;Z de caisse 19/03/2022;;209.36;;
2022/03/22;VT;707200;Z de caisse 22/03/2022;20%;;223.74
2022/03/22;VT;707200;Z de caisse 22/03/2022;5.5%;;17.96
2022/03/22;VT;445712;Z de caisse 22/03/2022;;;44.75
2022/03/22;VT;445715;Z de caisse 22/03/2022;;;0.99
2022/03/22;VT;581;Z de caisse 22/03/2022;;182.56;;
2022/03/22;VT;582;Z de caisse 22/03/2022;;104.88;;
2022/03/23;VT;707200;Z de caisse 23/03/2022;20%;;367.61
2022/03/23;VT;707200;Z de caisse 23/03/2022;5.5%;;9.48
2022/03/23;VT;445712;Z de caisse 23/03/2022;;;73.52
2022/03/23;VT;445715;Z de caisse 23/03/2022;;;0.52
2022/03/23;VT;581;Z de caisse 23/03/2022;;395.58;;
2022/03/23;VT;582;Z de caisse 23/03/2022;;55.55;;
2022/03/24;VT;707200;Z de caisse 24/03/2022;20%;;321.29
2022/03/24;VT;707200;Z de caisse 24/03/2022;5.5%;;8.48
2022/03/24;VT;445712;Z de caisse 24/03/2022;;;64.26
2022/03/24;VT;445715;Z de caisse 24/03/2022;;;0.47
2022/03/24;VT;581;Z de caisse 24/03/2022;;340.65;;
2022/03/24;VT;582;Z de caisse 24/03/2022;;53.85;;
2022/03/25;VT;707200;Z de caisse 25/03/2022;20%;;209.99
2022/03/25;VT;707200;Z de caisse 25/03/2022;5.5%;;33.93
2022/03/25;VT;445712;Z de caisse 25/03/2022;;;42.00
2022/03/25;VT;445715;Z de caisse 25/03/2022;;;1.87
2022/03/25;VT;581;Z de caisse 25/03/2022;;227.14;;
2022/03/25;VT;582;Z de caisse 25/03/2022;;60.65;;
2022/03/26;VT;707200;Z de caisse 26/03/2022;20%;;1086.32
2022/03/26;VT;707200;Z de caisse 26/03/2022;5.5%;;120.85
2022/03/26;VT;707200;Z de caisse 26/03/2022;0%;35;
2022/03/26;VT;445712;Z de caisse 26/03/2022;;;217.26
2022/03/26;VT;445715;Z de caisse 26/03/2022;;;6.65
2022/03/26;VT;581;Z de caisse 26/03/2022;;1139.40;;
2022/03/26;VT;582;Z de caisse 26/03/2022;;256.68;;
2022/03/29;VT;707200;Z de caisse 29/03/2022;20%;;164.14
2022/03/29;VT;445712;Z de caisse 29/03/2022;;;32.83
2022/03/29;VT;581;Z de caisse 29/03/2022;;139.02;;
2022/03/29;VT;582;Z de caisse 29/03/2022;;57.95;;
2022/03/30;VT;707200;Z de caisse 30/03/2022;20%;;354.13
2022/03/30;VT;707200;Z de caisse 30/03/2022;5.5%;;8.48
2022/03/30;VT;445712;Z de caisse 30/03/2022;;;70.83
2022/03/30;VT;445715;Z de caisse 30/03/2022;;;0.47
2022/03/30;VT;581;Z de caisse 30/03/2022;;325.03;;
2022/03/30;VT;582;Z de caisse 30/03/2022;;108.88;;
2022/03/31;VT;707200;Z de caisse 31/03/2022;20%;;256.44
2022/03/31;VT;707200;Z de caisse 31/03/2022;5.5%;;75.83
2022/03/31;VT;445712;Z de caisse 31/03/2022;;;51.29
2022/03/31;VT;445715;Z de caisse 31/03/2022;;;4.17
2022/03/31;VT;581;Z de caisse 31/03/2022;;351.78;;
2022/03/31;VT;582;Z de caisse 31/03/2022;;35.95;;
2022/04/01;VT;707200;Z de caisse 01/04/2022;20%;;166.98
2022/04/01;VT;445712;Z de caisse 01/04/2022;;;33.40
2022/04/01;VT;581;Z de caisse 01/04/2022;;143.28;;
2022/04/01;VT;582;Z de caisse 01/04/2022;;57.10;;
2022/04/02;VT;___remises___;Z de caisse 02/04/2022;20%;43.25;
2022/04/02;VT;707200;Z de caisse 02/04/2022;20%;;1532.01
2022/04/02;VT;707200;Z de caisse 02/04/2022;5.5%;;157.06
2022/04/02;VT;445712;Z de caisse 02/04/2022;;;297.75
2022/04/02;VT;445715;Z de caisse 02/04/2022;;;8.64
2022/04/02;VT;581;Z de caisse 02/04/2022;;1639.03;;
2022/04/02;VT;582;Z de caisse 02/04/2022;;313.18;;
2022/04/05;VT;707200;Z de caisse 05/04/2022;20%;;303.83
2022/04/05;VT;707200;Z de caisse 05/04/2022;5.5%;;9.48
2022/04/05;VT;445712;Z de caisse 05/04/2022;;;60.77
2022/04/05;VT;445715;Z de caisse 05/04/2022;;;0.52
2022/04/05;VT;581;Z de caisse 05/04/2022;;321.69;;
2022/04/05;VT;582;Z de caisse 05/04/2022;;52.91;;
2022/04/06;VT;707200;Z de caisse 06/04/2022;20%;;510.97
2022/04/06;VT;707200;Z de caisse 06/04/2022;0%;;34.99
2022/04/06;VT;707200;Z de caisse 06/04/2022;5.5%;;10.33
2022/04/06;VT;445712;Z de caisse 06/04/2022;;;102.19
2022/04/06;VT;445715;Z de caisse 06/04/2022;;;0.57
2022/04/06;VT;581;Z de caisse 06/04/2022;;628.15;;
2022/04/06;VT;582;Z de caisse 06/04/2022;;30.90;;
2022/04/07;VT;707200;Z de caisse 07/04/2022;20%;;315.09
2022/04/07;VT;707200;Z de caisse 07/04/2022;5.5%;;28.44
2022/04/07;VT;445712;Z de caisse 07/04/2022;;;63.02
2022/04/07;VT;445715;Z de caisse 07/04/2022;;;1.56
2022/04/07;VT;581;Z de caisse 07/04/2022;;379.13;;
2022/04/07;VT;582;Z de caisse 07/04/2022;;28.98;;
2022/04/08;VT;707200;Z de caisse 08/04/2022;20%;;470.90
2022/04/08;VT;707200;Z de caisse 08/04/2022;5.5%;;4.74
2022/04/08;VT;445712;Z de caisse 08/04/2022;;;94.18
2022/04/08;VT;445715;Z de caisse 08/04/2022;;;0.26
2022/04/08;VT;581;Z de caisse 08/04/2022;;469.99;;
2022/04/08;VT;582;Z de caisse 08/04/2022;;100.09;;
2022/04/09;VT;707200;Z de caisse 09/04/2022;20%;;793.62
2022/04/09;VT;707200;Z de caisse 09/04/2022;5.5%;;61.04
2022/04/09;VT;445712;Z de caisse 09/04/2022;;;158.72
2022/04/09;VT;445715;Z de caisse 09/04/2022;;;3.36
2022/04/09;VT;581;Z de caisse 09/04/2022;;775.44;;
2022/04/09;VT;582;Z de caisse 09/04/2022;;241.30;;
2022/04/12;VT;707200;Z de caisse 12/04/2022;5.5%;;61.61
2022/04/12;VT;707200;Z de caisse 12/04/2022;20%;;585.68
2022/04/12;VT;445715;Z de caisse 12/04/2022;;;3.39
2022/04/12;VT;445712;Z de caisse 12/04/2022;;;117.14
2022/04/12;VT;581;Z de caisse 12/04/2022;;651.98;;
2022/04/12;VT;582;Z de caisse 12/04/2022;;115.84;;
2022/04/13;VT;707200;Z de caisse 13/04/2022;20%;;449.73
2022/04/13;VT;707200;Z de caisse 13/04/2022;5.5%;;49.00
2022/04/13;VT;445712;Z de caisse 13/04/2022;;;89.95
2022/04/13;VT;445715;Z de caisse 13/04/2022;;;2.70
2022/04/13;VT;581;Z de caisse 13/04/2022;;500.03;;
2022/04/13;VT;582;Z de caisse 13/04/2022;;91.35;;
2022/04/14;VT;___remises___;Z de caisse 14/04/2022;20%;6.44;
2022/04/14;VT;707200;Z de caisse 14/04/2022;20%;;439.62
2022/04/14;VT;707200;Z de caisse 14/04/2022;5.5%;;3.74
2022/04/14;VT;445712;Z de caisse 14/04/2022;;;86.64
2022/04/14;VT;445715;Z de caisse 14/04/2022;;;0.21
2022/04/14;VT;581;Z de caisse 14/04/2022;;377.24;;
2022/04/14;VT;582;Z de caisse 14/04/2022;;146.52;;
2022/04/14;VT;;Z de caisse 14/04/2022;;0.01;;
2022/04/15;VT;___remises___;Z de caisse 15/04/2022;20%;2.43;
2022/04/15;VT;___remises___;Z de caisse 15/04/2022;5.5%;0.47;
2022/04/15;VT;707200;Z de caisse 15/04/2022;20%;;718.44
2022/04/15;VT;707200;Z de caisse 15/04/2022;5.5%;;101.85
2022/04/15;VT;445712;Z de caisse 15/04/2022;;;143.20
2022/04/15;VT;445715;Z de caisse 15/04/2022;;;5.58
2022/04/15;VT;581;Z de caisse 15/04/2022;;577.76;;
2022/04/15;VT;582;Z de caisse 15/04/2022;;388.41;;
2022/04/16;VT;707200;Z de caisse 16/04/2022;20%;;1075.97
2022/04/16;VT;707200;Z de caisse 16/04/2022;5.5%;;99.81
2022/04/16;VT;445712;Z de caisse 16/04/2022;;;215.19
2022/04/16;VT;445715;Z de caisse 16/04/2022;;;5.49
2022/04/16;VT;581;Z de caisse 16/04/2022;;947.67;;
2022/04/16;VT;582;Z de caisse 16/04/2022;;448.79;;
2022/04/19;VT;707200;Z de caisse 19/04/2022;5.5%;;65.12
2022/04/19;VT;707200;Z de caisse 19/04/2022;20%;;904.71
2022/04/19;VT;445715;Z de caisse 19/04/2022;;;3.58
2022/04/19;VT;445712;Z de caisse 19/04/2022;;;180.94
2022/04/19;VT;581;Z de caisse 19/04/2022;;746.33;;
2022/04/19;VT;582;Z de caisse 19/04/2022;;408.02;;
2022/04/20;VT;707200;Z de caisse 20/04/2022;20%;;730.97
2022/04/20;VT;707200;Z de caisse 20/04/2022;5.5%;;33.18
2022/04/20;VT;445712;Z de caisse 20/04/2022;;;146.19
2022/04/20;VT;445715;Z de caisse 20/04/2022;;;1.82
2022/04/20;VT;581;Z de caisse 20/04/2022;;691.98;;
2022/04/20;VT;582;Z de caisse 20/04/2022;;220.45;;
2022/04/20;VT;;Z de caisse 20/04/2022;;;0.27
2022/04/21;VT;___remises___;Z de caisse 21/04/2022;20%;3.41;
2022/04/21;VT;707200;Z de caisse 21/04/2022;20%;;894.92
2022/04/21;VT;707200;Z de caisse 21/04/2022;5.5%;;69.67
2022/04/21;VT;445712;Z de caisse 21/04/2022;;;178.30
2022/04/21;VT;445715;Z de caisse 21/04/2022;;;3.83
2022/04/21;VT;581;Z de caisse 21/04/2022;;997.55;;
2022/04/21;VT;582;Z de caisse 21/04/2022;;145.76;;
2022/04/22;VT;707200;Z de caisse 22/04/2022;20%;;184.80
2022/04/22;VT;707200;Z de caisse 22/04/2022;5.5%;;24.45
2022/04/22;VT;445712;Z de caisse 22/04/2022;;;36.96
2022/04/22;VT;445715;Z de caisse 22/04/2022;;;1.35
2022/04/22;VT;581;Z de caisse 22/04/2022;;192.14;;
2022/04/22;VT;582;Z de caisse 22/04/2022;;55.42;;
2022/04/23;VT;707200;Z de caisse 23/04/2022;20%;;725.40
2022/04/23;VT;707200;Z de caisse 23/04/2022;5.5%;;111.47
2022/04/23;VT;445712;Z de caisse 23/04/2022;;;145.08
2022/04/23;VT;445715;Z de caisse 23/04/2022;;;6.13
2022/04/23;VT;581;Z de caisse 23/04/2022;;694.97;;
2022/04/23;VT;582;Z de caisse 23/04/2022;;293.11;;
2022/04/26;VT;707200;Z de caisse 26/04/2022;20%;;383.12
2022/04/26;VT;707200;Z de caisse 26/04/2022;5.5%;;23.46
2022/04/26;VT;707200;Z de caisse 26/04/2022;0%;;30.00
2022/04/26;VT;445712;Z de caisse 26/04/2022;;;76.62
2022/04/26;VT;445715;Z de caisse 26/04/2022;;;1.29
2022/04/26;VT;581;Z de caisse 26/04/2022;;416.46;;
2022/04/26;VT;582;Z de caisse 26/04/2022;;98.03;;
2022/04/27;VT;707200;Z de caisse 27/04/2022;20%;;790.24
2022/04/27;VT;707200;Z de caisse 27/04/2022;0%;;25.00
2022/04/27;VT;445712;Z de caisse 27/04/2022;;;158.05
2022/04/27;VT;581;Z de caisse 27/04/2022;;960.30;;
2022/04/27;VT;582;Z de caisse 27/04/2022;;12.99;;
2022/04/28;VT;707200;Z de caisse 28/04/2022;20%;;373.28
2022/04/28;VT;707200;Z de caisse 28/04/2022;5.5%;;33.08
2022/04/28;VT;445712;Z de caisse 28/04/2022;;;74.66
2022/04/28;VT;445715;Z de caisse 28/04/2022;;;1.82
2022/04/28;VT;581;Z de caisse 28/04/2022;;297.20;;
2022/04/28;VT;582;Z de caisse 28/04/2022;;185.64;;
2022/04/29;VT;707200;Z de caisse 29/04/2022;20%;;99.01
2022/04/29;VT;445712;Z de caisse 29/04/2022;;;19.80
2022/04/29;VT;581;Z de caisse 29/04/2022;;97.83;;
2022/04/29;VT;582;Z de caisse 29/04/2022;;20.98;;
2022/04/30;VT;707200;Z de caisse 30/04/2022;5.5%;;88.67
2022/04/30;VT;707200;Z de caisse 30/04/2022;20%;;743.41
2022/04/30;VT;445715;Z de caisse 30/04/2022;;;4.88
2022/04/30;VT;445712;Z de caisse 30/04/2022;;;148.68
2022/04/30;VT;581;Z de caisse 30/04/2022;;812.02;;
2022/04/30;VT;582;Z de caisse 30/04/2022;;173.62;;
2022/05/03;VT;707200;Z de caisse 03/05/2022;20%;;232.91
2022/05/03;VT;445712;Z de caisse 03/05/2022;;;46.58
2022/05/03;VT;581;Z de caisse 03/05/2022;;243.50;;
2022/05/03;VT;582;Z de caisse 03/05/2022;;35.99;;
2022/05/04;VT;707200;Z de caisse 04/05/2022;20%;;523.83
2022/05/04;VT;707200;Z de caisse 04/05/2022;5.5%;;3.74
2022/05/04;VT;707200;Z de caisse 04/05/2022;0%;30;
2022/05/04;VT;445712;Z de caisse 04/05/2022;;;104.77
2022/05/04;VT;445715;Z de caisse 04/05/2022;;;0.21
2022/05/04;VT;581;Z de caisse 04/05/2022;;560.31;;
2022/05/04;VT;582;Z de caisse 04/05/2022;;42.24;;
2022/05/05;VT;707200;Z de caisse 05/05/2022;20%;;527.81
2022/05/05;VT;707200;Z de caisse 05/05/2022;5.5%;;30.81
2022/05/05;VT;445712;Z de caisse 05/05/2022;;;105.56
2022/05/05;VT;445715;Z de caisse 05/05/2022;;;1.69
2022/05/05;VT;581;Z de caisse 05/05/2022;;617.38;;
2022/05/05;VT;582;Z de caisse 05/05/2022;;48.49;;
2022/05/06;VT;707200;Z de caisse 06/05/2022;20%;;512.98
2022/05/06;VT;707200;Z de caisse 06/05/2022;5.5%;;9.48
2022/05/06;VT;445712;Z de caisse 06/05/2022;;;102.60
2022/05/06;VT;445715;Z de caisse 06/05/2022;;;0.52
2022/05/06;VT;581;Z de caisse 06/05/2022;;502.13;;
2022/05/06;VT;582;Z de caisse 06/05/2022;;123.45;;
2022/05/07;VT;___remises___;Z de caisse 07/05/2022;20%;23.21;
2022/05/07;VT;___remises___;Z de caisse 07/05/2022;5.5%;2.84;
2022/05/07;VT;707200;Z de caisse 07/05/2022;20%;;1264.85
2022/05/07;VT;707200;Z de caisse 07/05/2022;5.5%;;152.51
2022/05/07;VT;445712;Z de caisse 07/05/2022;;;248.33
2022/05/07;VT;445715;Z de caisse 07/05/2022;;;8.23
2022/05/07;VT;581;Z de caisse 07/05/2022;;1383.05;;
2022/05/07;VT;582;Z de caisse 07/05/2022;;264.82;;
2022/05/10;VT;707200;Z de caisse 10/05/2022;20%;;193.65
2022/05/10;VT;707200;Z de caisse 10/05/2022;5.5%;;7.49
2022/05/10;VT;707200;Z de caisse 10/05/2022;0%;30;
2022/05/10;VT;445712;Z de caisse 10/05/2022;;;38.73
2022/05/10;VT;445715;Z de caisse 10/05/2022;;;0.41
2022/05/10;VT;581;Z de caisse 10/05/2022;;180.35;;
2022/05/10;VT;582;Z de caisse 10/05/2022;;29.93;;
2022/05/11;VT;___remises___;Z de caisse 11/05/2022;20%;25;
2022/05/11;VT;707200;Z de caisse 11/05/2022;20%;;583.98
2022/05/11;VT;707200;Z de caisse 11/05/2022;5.5%;;26.40
2022/05/11;VT;445712;Z de caisse 11/05/2022;;;111.80
2022/05/11;VT;445715;Z de caisse 11/05/2022;;;1.45
2022/05/11;VT;581;Z de caisse 11/05/2022;;305.74;;
2022/05/11;VT;582;Z de caisse 11/05/2022;;392.89;;
2022/05/12;VT;707200;Z de caisse 12/05/2022;20%;;267.34
2022/05/12;VT;707200;Z de caisse 12/05/2022;5.5%;;52.13
2022/05/12;VT;445712;Z de caisse 12/05/2022;;;53.47
2022/05/12;VT;445715;Z de caisse 12/05/2022;;;2.87
2022/05/12;VT;581;Z de caisse 12/05/2022;;333.81;;
2022/05/12;VT;582;Z de caisse 12/05/2022;;42.00;;
2022/05/13;VT;707200;Z de caisse 13/05/2022;20%;;433.26
2022/05/13;VT;707200;Z de caisse 13/05/2022;5.5%;;52.89
2022/05/13;VT;445712;Z de caisse 13/05/2022;;;86.65
2022/05/13;VT;445715;Z de caisse 13/05/2022;;;2.91
2022/05/13;VT;581;Z de caisse 13/05/2022;;441.65;;
2022/05/13;VT;582;Z de caisse 13/05/2022;;134.06;;
2022/05/14;VT;707200;Z de caisse 14/05/2022;20%;;877.25
2022/05/14;VT;707200;Z de caisse 14/05/2022;5.5%;;47.30
2022/05/14;VT;445712;Z de caisse 14/05/2022;;;175.45
2022/05/14;VT;445715;Z de caisse 14/05/2022;;;2.60
2022/05/14;VT;581;Z de caisse 14/05/2022;;955.77;;
2022/05/14;VT;582;Z de caisse 14/05/2022;;146.83;;
2022/05/17;VT;707200;Z de caisse 17/05/2022;20%;;249.49
2022/05/17;VT;707200;Z de caisse 17/05/2022;5.5%;;54.88
2022/05/17;VT;445712;Z de caisse 17/05/2022;;;49.90
2022/05/17;VT;445715;Z de caisse 17/05/2022;;;3.02
2022/05/17;VT;581;Z de caisse 17/05/2022;;250.53;;
2022/05/17;VT;582;Z de caisse 17/05/2022;;106.76;;
2022/05/18;VT;707200;Z de caisse 18/05/2022;20%;;302.98
2022/05/18;VT;707200;Z de caisse 18/05/2022;5.5%;;28.44
2022/05/18;VT;445712;Z de caisse 18/05/2022;;;60.60
2022/05/18;VT;445715;Z de caisse 18/05/2022;;;1.56
2022/05/18;VT;581;Z de caisse 18/05/2022;;324.70;;
2022/05/18;VT;582;Z de caisse 18/05/2022;;68.88;;
2022/05/19;VT;707200;Z de caisse 19/05/2022;5.5%;;9.48
2022/05/19;VT;707200;Z de caisse 19/05/2022;20%;;161.47
2022/05/19;VT;445715;Z de caisse 19/05/2022;;;0.52
2022/05/19;VT;445712;Z de caisse 19/05/2022;;;32.29
2022/05/19;VT;581;Z de caisse 19/05/2022;;161.59;;
2022/05/19;VT;582;Z de caisse 19/05/2022;;42.17;;
2022/05/20;VT;707200;Z de caisse 20/05/2022;20%;;240.27
2022/05/20;VT;707200;Z de caisse 20/05/2022;5.5%;;4.74
2022/05/20;VT;445712;Z de caisse 20/05/2022;;;48.05
2022/05/20;VT;445715;Z de caisse 20/05/2022;;;0.26
2022/05/20;VT;581;Z de caisse 20/05/2022;;142.69;;
2022/05/20;VT;582;Z de caisse 20/05/2022;;150.63;;
2022/05/21;VT;707200;Z de caisse 21/05/2022;20%;;596.48
2022/05/21;VT;707200;Z de caisse 21/05/2022;5.5%;;51.90
2022/05/21;VT;707200;Z de caisse 21/05/2022;0%;;20.00
2022/05/21;VT;445712;Z de caisse 21/05/2022;;;119.30
2022/05/21;VT;445715;Z de caisse 21/05/2022;;;2.85
2022/05/21;VT;581;Z de caisse 21/05/2022;;608.95;;
2022/05/21;VT;582;Z de caisse 21/05/2022;;181.57;;
2022/05/21;VT;;Z de caisse 21/05/2022;;0.01;;
2022/05/24;VT;___remises___;Z de caisse 24/05/2022;20%;14.9;
2022/05/24;VT;707200;Z de caisse 24/05/2022;20%;;395.39
2022/05/24;VT;707200;Z de caisse 24/05/2022;5.5%;;64.31
2022/05/24;VT;445712;Z de caisse 24/05/2022;;;76.10
2022/05/24;VT;445715;Z de caisse 24/05/2022;;;3.54
2022/05/24;VT;581;Z de caisse 24/05/2022;;502.55;;
2022/05/24;VT;582;Z de caisse 24/05/2022;;21.89;;
2022/05/25;VT;___remises___;Z de caisse 25/05/2022;20%;7.59;
2022/05/25;VT;707200;Z de caisse 25/05/2022;20%;;622.80
2022/05/25;VT;707200;Z de caisse 25/05/2022;5.5%;;35.92
2022/05/25;VT;445712;Z de caisse 25/05/2022;;;123.04
2022/05/25;VT;445715;Z de caisse 25/05/2022;;;1.98
2022/05/25;VT;581;Z de caisse 25/05/2022;;576.02;;
2022/05/25;VT;582;Z de caisse 25/05/2022;;200.13;;
2022/05/27;VT;707200;Z de caisse 27/05/2022;20%;;796.18
2022/05/27;VT;707200;Z de caisse 27/05/2022;5.5%;;55.59
2022/05/27;VT;445712;Z de caisse 27/05/2022;;;159.24
2022/05/27;VT;445715;Z de caisse 27/05/2022;;;3.06
2022/05/27;VT;581;Z de caisse 27/05/2022;;807.05;;
2022/05/27;VT;582;Z de caisse 27/05/2022;;207.02;;
2022/05/28;VT;___remises___;Z de caisse 28/05/2022;20%;22.64;
2022/05/28;VT;707200;Z de caisse 28/05/2022;20%;;702.18
2022/05/28;VT;707200;Z de caisse 28/05/2022;5.5%;;94.22
2022/05/28;VT;445712;Z de caisse 28/05/2022;;;135.91
2022/05/28;VT;445715;Z de caisse 28/05/2022;;;5.18
2022/05/28;VT;581;Z de caisse 28/05/2022;;719.04;;
2022/05/28;VT;582;Z de caisse 28/05/2022;;195.80;;
2022/05/28;VT;;Z de caisse 28/05/2022;;0.01;;
2022/05/31;VT;___remises___;Z de caisse 31/05/2022;20%;5.83;
2022/05/31;VT;707200;Z de caisse 31/05/2022;20%;;346.36
2022/05/31;VT;707200;Z de caisse 31/05/2022;5.5%;;22.70
2022/05/31;VT;445712;Z de caisse 31/05/2022;;;68.11
2022/05/31;VT;445715;Z de caisse 31/05/2022;;;1.25
2022/05/31;VT;581;Z de caisse 31/05/2022;;334.85;;
2022/05/31;VT;582;Z de caisse 31/05/2022;;97.73;;
2022/05/31;VT;;Z de caisse 31/05/2022;;0.01;;
2022/06/01;VT;707200;Z de caisse 01/06/2022;20%;;368.53
2022/06/01;VT;707200;Z de caisse 01/06/2022;5.5%;;393.36
2022/06/01;VT;445712;Z de caisse 01/06/2022;;;73.71
2022/06/01;VT;445715;Z de caisse 01/06/2022;;;21.64
2022/06/01;VT;581;Z de caisse 01/06/2022;;796.48;;
2022/06/01;VT;582;Z de caisse 01/06/2022;;60.75;;
2022/06/01;VT;;Z de caisse 01/06/2022;;0.01;;
2022/06/02;VT;707200;Z de caisse 02/06/2022;20%;;361.57
2022/06/02;VT;707200;Z de caisse 02/06/2022;5.5%;;142.18
2022/06/02;VT;707200;Z de caisse 02/06/2022;0%;40;
2022/06/02;VT;445712;Z de caisse 02/06/2022;;;72.31
2022/06/02;VT;445715;Z de caisse 02/06/2022;;;7.82
2022/06/02;VT;581;Z de caisse 02/06/2022;;538.88;;
2022/06/02;VT;582;Z de caisse 02/06/2022;;5.00;;
2022/06/03;VT;707200;Z de caisse 03/06/2022;5.5%;;62.70
2022/06/03;VT;707200;Z de caisse 03/06/2022;20%;;124.98
2022/06/03;VT;445715;Z de caisse 03/06/2022;;;3.45
2022/06/03;VT;445712;Z de caisse 03/06/2022;;;25.00
2022/06/03;VT;581;Z de caisse 03/06/2022;;211.14;;
2022/06/03;VT;582;Z de caisse 03/06/2022;;4.99;;
2022/06/04;VT;707200;Z de caisse 04/06/2022;5.5%;;293.74
2022/06/04;VT;707200;Z de caisse 04/06/2022;20%;;553.75
2022/06/04;VT;445715;Z de caisse 04/06/2022;;;16.16
2022/06/04;VT;445712;Z de caisse 04/06/2022;;;110.75
2022/06/04;VT;581;Z de caisse 04/06/2022;;879.02;;
2022/06/04;VT;582;Z de caisse 04/06/2022;;95.38;;
2022/06/07;VT;707200;Z de caisse 07/06/2022;20%;;17.41
2022/06/07;VT;445712;Z de caisse 07/06/2022;;;3.48
2022/06/07;VT;581;Z de caisse 07/06/2022;;8.90;;
2022/06/07;VT;582;Z de caisse 07/06/2022;;11.99;;
2022/06/08;VT;___remises___;Z de caisse 08/06/2022;20%;34;
2022/06/08;VT;707200;Z de caisse 08/06/2022;20%;;694.93
2022/06/08;VT;707200;Z de caisse 08/06/2022;5.5%;;13.22
2022/06/08;VT;445712;Z de caisse 08/06/2022;;;132.19
2022/06/08;VT;445715;Z de caisse 08/06/2022;;;0.73
2022/06/08;VT;581;Z de caisse 08/06/2022;;501.07;;
2022/06/08;VT;582;Z de caisse 08/06/2022;;305.99;;
2022/06/08;VT;;Z de caisse 08/06/2022;;0.01;;
2022/06/09;VT;707200;Z de caisse 09/06/2022;20%;;221.18
2022/06/09;VT;707200;Z de caisse 09/06/2022;5.5%;;50.19
2022/06/09;VT;445712;Z de caisse 09/06/2022;;;44.24
2022/06/09;VT;445715;Z de caisse 09/06/2022;;;2.76
2022/06/09;VT;581;Z de caisse 09/06/2022;;283.47;;
2022/06/09;VT;582;Z de caisse 09/06/2022;;34.89;;
2022/06/09;VT;;Z de caisse 09/06/2022;;0.01;;
2022/06/10;VT;707200;Z de caisse 10/06/2022;20%;;197.93
2022/06/10;VT;707200;Z de caisse 10/06/2022;5.5%;;4.74
2022/06/10;VT;445712;Z de caisse 10/06/2022;;;39.59
2022/06/10;VT;445715;Z de caisse 10/06/2022;;;0.26
2022/06/10;VT;581;Z de caisse 10/06/2022;;170.86;;
2022/06/10;VT;582;Z de caisse 10/06/2022;;71.65;;
2022/06/10;VT;;Z de caisse 10/06/2022;;0.01;;
2022/06/11;VT;707200;Z de caisse 11/06/2022;20%;;652.78
2022/06/11;VT;707200;Z de caisse 11/06/2022;5.5%;;188.82
2022/06/11;VT;707200;Z de caisse 11/06/2022;0%;60;
2022/06/11;VT;445712;Z de caisse 11/06/2022;;;130.56
2022/06/11;VT;445715;Z de caisse 11/06/2022;;;10.38
2022/06/11;VT;581;Z de caisse 11/06/2022;;749.60;;
2022/06/11;VT;582;Z de caisse 11/06/2022;;172.94;;
2022/06/14;VT;707200;Z de caisse 14/06/2022;20%;;269.70
2022/06/14;VT;707200;Z de caisse 14/06/2022;5.5%;;51.04
2022/06/14;VT;445712;Z de caisse 14/06/2022;;;53.94
2022/06/14;VT;445715;Z de caisse 14/06/2022;;;2.81
2022/06/14;VT;581;Z de caisse 14/06/2022;;257.06;;
2022/06/14;VT;582;Z de caisse 14/06/2022;;120.43;;
2022/06/15;VT;707200;Z de caisse 15/06/2022;20%;;255.48
2022/06/15;VT;707200;Z de caisse 15/06/2022;5.5%;;33.18
2022/06/15;VT;445712;Z de caisse 15/06/2022;;;51.10
2022/06/15;VT;445715;Z de caisse 15/06/2022;;;1.82
2022/06/15;VT;581;Z de caisse 15/06/2022;;313.42;;
2022/06/15;VT;582;Z de caisse 15/06/2022;;28.15;;
2022/06/15;VT;;Z de caisse 15/06/2022;;0.01;;
2022/06/16;VT;707200;Z de caisse 16/06/2022;20%;;213.51
2022/06/16;VT;707200;Z de caisse 16/06/2022;5.5%;;9.48
2022/06/16;VT;445712;Z de caisse 16/06/2022;;;42.70
2022/06/16;VT;445715;Z de caisse 16/06/2022;;;0.52
2022/06/16;VT;581;Z de caisse 16/06/2022;;168.32;;
2022/06/16;VT;582;Z de caisse 16/06/2022;;97.89;;
2022/06/17;VT;707200;Z de caisse 17/06/2022;20%;;158.11
2022/06/17;VT;445712;Z de caisse 17/06/2022;;;31.62
2022/06/17;VT;581;Z de caisse 17/06/2022;;189.73;;
2022/06/18;VT;707200;Z de caisse 18/06/2022;20%;;189.65
2022/06/18;VT;707200;Z de caisse 18/06/2022;0%;;30.00
2022/06/18;VT;445712;Z de caisse 18/06/2022;;;37.93
2022/06/18;VT;581;Z de caisse 18/06/2022;;168.92;;
2022/06/18;VT;582;Z de caisse 18/06/2022;;88.66;;
2022/06/21;VT;707200;Z de caisse 21/06/2022;5.5%;;79.48
2022/06/21;VT;707200;Z de caisse 21/06/2022;20%;;111.31
2022/06/21;VT;445715;Z de caisse 21/06/2022;;;4.37
2022/06/21;VT;445712;Z de caisse 21/06/2022;;;22.26
2022/06/21;VT;581;Z de caisse 21/06/2022;;158.52;;
2022/06/21;VT;582;Z de caisse 21/06/2022;;58.90;;
2022/06/22;VT;707200;Z de caisse 22/06/2022;5.5%;;18.96
2022/06/22;VT;707200;Z de caisse 22/06/2022;20%;;252.57
2022/06/22;VT;445715;Z de caisse 22/06/2022;;;1.04
2022/06/22;VT;445712;Z de caisse 22/06/2022;;;50.51
2022/06/22;VT;581;Z de caisse 22/06/2022;;271.70;;
2022/06/22;VT;582;Z de caisse 22/06/2022;;51.38;;
2022/06/23;VT;___remises___;Z de caisse 23/06/2022;20%;12.73;
2022/06/23;VT;___remises___;Z de caisse 23/06/2022;5.5%;0.95;
2022/06/23;VT;707200;Z de caisse 23/06/2022;20%;;277.36
2022/06/23;VT;707200;Z de caisse 23/06/2022;5.5%;;4.74
2022/06/23;VT;445712;Z de caisse 23/06/2022;;;52.93
2022/06/23;VT;445715;Z de caisse 23/06/2022;;;0.21
2022/06/23;VT;581;Z de caisse 23/06/2022;;287.68;;
2022/06/23;VT;582;Z de caisse 23/06/2022;;33.87;;
2022/06/23;VT;;Z de caisse 23/06/2022;;0.01;;
2022/06/24;VT;707200;Z de caisse 24/06/2022;20%;;81.56
2022/06/24;VT;707200;Z de caisse 24/06/2022;5.5%;;23.70
2022/06/24;VT;445712;Z de caisse 24/06/2022;;;16.31
2022/06/24;VT;445715;Z de caisse 24/06/2022;;;1.30
2022/06/24;VT;581;Z de caisse 24/06/2022;;115.94;;
2022/06/24;VT;582;Z de caisse 24/06/2022;;6.93;;
2022/06/25;VT;707200;Z de caisse 25/06/2022;20%;;510.05
2022/06/25;VT;707200;Z de caisse 25/06/2022;5.5%;;40.62
2022/06/25;VT;445712;Z de caisse 25/06/2022;;;102.01
2022/06/25;VT;445715;Z de caisse 25/06/2022;;;2.23
2022/06/25;VT;581;Z de caisse 25/06/2022;;490.54;;
2022/06/25;VT;582;Z de caisse 25/06/2022;;164.37;;
2022/06/28;VT;___remises___;Z de caisse 28/06/2022;20%;6.18;
2022/06/28;VT;707200;Z de caisse 28/06/2022;5.5%;;32.70
2022/06/28;VT;707200;Z de caisse 28/06/2022;20%;;216.39
2022/06/28;VT;445715;Z de caisse 28/06/2022;;;1.80
2022/06/28;VT;445712;Z de caisse 28/06/2022;;;42.04
2022/06/28;VT;581;Z de caisse 28/06/2022;;216.46;;
2022/06/28;VT;582;Z de caisse 28/06/2022;;70.29;;
2022/06/29;VT;___remises___;Z de caisse 29/06/2022;20%;6;
2022/06/29;VT;707200;Z de caisse 29/06/2022;20%;;498.43
2022/06/29;VT;707200;Z de caisse 29/06/2022;5.5%;;65.26
2022/06/29;VT;445712;Z de caisse 29/06/2022;;;98.49
2022/06/29;VT;445715;Z de caisse 29/06/2022;;;3.59
2022/06/29;VT;581;Z de caisse 29/06/2022;;560.76;;
2022/06/29;VT;582;Z de caisse 29/06/2022;;99.00;;
2022/06/29;VT;;Z de caisse 29/06/2022;;0.01;;
2022/06/30;VT;___remises___;Z de caisse 30/06/2022;20%;5.25;
2022/06/30;VT;707200;Z de caisse 30/06/2022;20%;;435.69
2022/06/30;VT;707200;Z de caisse 30/06/2022;5.5%;;4.74
2022/06/30;VT;445712;Z de caisse 30/06/2022;;;86.09
2022/06/30;VT;445715;Z de caisse 30/06/2022;;;0.26
2022/06/30;VT;581;Z de caisse 30/06/2022;;414.88;;
2022/06/30;VT;582;Z de caisse 30/06/2022;;106.65;;
2022/07/01;VT;707200;Z de caisse 01/07/2022;20%;;341.64
2022/07/01;VT;707200;Z de caisse 01/07/2022;5.5%;;9.48
2022/07/01;VT;445712;Z de caisse 01/07/2022;;;68.33
2022/07/01;VT;445715;Z de caisse 01/07/2022;;;0.52
2022/07/01;VT;581;Z de caisse 01/07/2022;;348.89;;
2022/07/01;VT;582;Z de caisse 01/07/2022;;71.08;;
2022/07/02;VT;___remises___;Z de caisse 02/07/2022;20%;3.58;
2022/07/02;VT;707200;Z de caisse 02/07/2022;20%;;1227.85
2022/07/02;VT;707200;Z de caisse 02/07/2022;5.5%;;145.45
2022/07/02;VT;707200;Z de caisse 02/07/2022;0%;50;
2022/07/02;VT;445712;Z de caisse 02/07/2022;;;244.85
2022/07/02;VT;445715;Z de caisse 02/07/2022;;;8.00
2022/07/02;VT;581;Z de caisse 02/07/2022;;1219.84;;
2022/07/02;VT;582;Z de caisse 02/07/2022;;352.73;;
2022/07/05;VT;___remises___;Z de caisse 05/07/2022;20%;34.98;
2022/07/05;VT;707200;Z de caisse 05/07/2022;20%;;480.29
2022/07/05;VT;707200;Z de caisse 05/07/2022;5.5%;;21.71
2022/07/05;VT;445712;Z de caisse 05/07/2022;;;89.06
2022/07/05;VT;445715;Z de caisse 05/07/2022;;;1.19
2022/07/05;VT;581;Z de caisse 05/07/2022;;436.43;;
2022/07/05;VT;582;Z de caisse 05/07/2022;;120.85;;
2022/07/05;VT;;Z de caisse 05/07/2022;;;0.01
2022/07/06;VT;707200;Z de caisse 06/07/2022;20%;;743.50
2022/07/06;VT;707200;Z de caisse 06/07/2022;5.5%;;33.93
2022/07/06;VT;445712;Z de caisse 06/07/2022;;;148.70
2022/07/06;VT;445715;Z de caisse 06/07/2022;;;1.87
2022/07/06;VT;581;Z de caisse 06/07/2022;;881.06;;
2022/07/06;VT;582;Z de caisse 06/07/2022;;46.94;;
2022/07/07;VT;707200;Z de caisse 07/07/2022;20%;;379.17
2022/07/07;VT;707200;Z de caisse 07/07/2022;5.5%;;16.92
2022/07/07;VT;445712;Z de caisse 07/07/2022;;;75.83
2022/07/07;VT;445715;Z de caisse 07/07/2022;;;0.93
2022/07/07;VT;581;Z de caisse 07/07/2022;;449.02;;
2022/07/07;VT;582;Z de caisse 07/07/2022;;23.83;;
2022/07/08;VT;707200;Z de caisse 08/07/2022;20%;;276.82
2022/07/08;VT;707200;Z de caisse 08/07/2022;5.5%;;53.55
2022/07/08;VT;445712;Z de caisse 08/07/2022;;;55.36
2022/07/08;VT;445715;Z de caisse 08/07/2022;;;2.95
2022/07/08;VT;581;Z de caisse 08/07/2022;;350.54;;
2022/07/08;VT;582;Z de caisse 08/07/2022;;38.14;;
2022/07/09;VT;___remises___;Z de caisse 09/07/2022;20%;1.58;
2022/07/09;VT;707200;Z de caisse 09/07/2022;20%;;1123.82
2022/07/09;VT;707200;Z de caisse 09/07/2022;5.5%;;46.40
2022/07/09;VT;445712;Z de caisse 09/07/2022;;;224.45
2022/07/09;VT;445715;Z de caisse 09/07/2022;;;2.55
2022/07/09;VT;581;Z de caisse 09/07/2022;;1198.46;;
2022/07/09;VT;582;Z de caisse 09/07/2022;;197.18;;
2022/07/12;VT;___remises___;Z de caisse 12/07/2022;20%;6.24;
2022/07/12;VT;707200;Z de caisse 12/07/2022;20%;;662.59
2022/07/12;VT;707200;Z de caisse 12/07/2022;5.5%;;55.88
2022/07/12;VT;445712;Z de caisse 12/07/2022;;;131.27
2022/07/12;VT;445715;Z de caisse 12/07/2022;;;3.07
2022/07/12;VT;581;Z de caisse 12/07/2022;;451.59;;
2022/07/12;VT;582;Z de caisse 12/07/2022;;394.98;;
2022/07/13;VT;___remises___;Z de caisse 13/07/2022;20%;13.33;
2022/07/13;VT;707200;Z de caisse 13/07/2022;20%;;237.58
2022/07/13;VT;707200;Z de caisse 13/07/2022;5.5%;;4.74
2022/07/13;VT;445712;Z de caisse 13/07/2022;;;44.85
2022/07/13;VT;445715;Z de caisse 13/07/2022;;;0.26
2022/07/13;VT;581;Z de caisse 13/07/2022;;231.82;;
2022/07/13;VT;582;Z de caisse 13/07/2022;;42.28;;
2022/07/15;VT;707200;Z de caisse 15/07/2022;20%;;684.05
2022/07/15;VT;707200;Z de caisse 15/07/2022;5.5%;;154.27
2022/07/15;VT;445712;Z de caisse 15/07/2022;;;136.81
2022/07/15;VT;445715;Z de caisse 15/07/2022;;;8.48
2022/07/15;VT;581;Z de caisse 15/07/2022;;736.27;;
2022/07/15;VT;582;Z de caisse 15/07/2022;;247.34;;
2022/07/16;VT;707200;Z de caisse 16/07/2022;20%;;506.73
2022/07/16;VT;707200;Z de caisse 16/07/2022;5.5%;;104.17
2022/07/16;VT;445712;Z de caisse 16/07/2022;;;101.35
2022/07/16;VT;445715;Z de caisse 16/07/2022;;;5.73
2022/07/16;VT;581;Z de caisse 16/07/2022;;432.43;;
2022/07/16;VT;582;Z de caisse 16/07/2022;;285.54;;
2022/07/16;VT;;Z de caisse 16/07/2022;;0.01;;
2022/07/19;VT;707200;Z de caisse 19/07/2022;20%;;193.40
2022/07/19;VT;445712;Z de caisse 19/07/2022;;;38.68
2022/07/19;VT;581;Z de caisse 19/07/2022;;220.09;;
2022/07/19;VT;582;Z de caisse 19/07/2022;;11.99;;
2022/07/20;VT;707200;Z de caisse 20/07/2022;20%;;395.50
2022/07/20;VT;707200;Z de caisse 20/07/2022;5.5%;;13.22
2022/07/20;VT;445712;Z de caisse 20/07/2022;;;79.10
2022/07/20;VT;445715;Z de caisse 20/07/2022;;;0.73
2022/07/20;VT;581;Z de caisse 20/07/2022;;339.88;;
2022/07/20;VT;582;Z de caisse 20/07/2022;;148.67;;
2022/07/21;VT;707200;Z de caisse 21/07/2022;20%;;585.78
2022/07/21;VT;707200;Z de caisse 21/07/2022;5.5%;;50.14
2022/07/21;VT;707200;Z de caisse 21/07/2022;0%;20;
2022/07/21;VT;445712;Z de caisse 21/07/2022;;;117.16
2022/07/21;VT;445715;Z de caisse 21/07/2022;;;2.76
2022/07/21;VT;581;Z de caisse 21/07/2022;;616.32;;
2022/07/21;VT;582;Z de caisse 21/07/2022;;119.52;;
2022/07/22;VT;___remises___;Z de caisse 22/07/2022;20%;3.1;
2022/07/22;VT;707200;Z de caisse 22/07/2022;20%;;336.60
2022/07/22;VT;707200;Z de caisse 22/07/2022;5.5%;;9.48
2022/07/22;VT;445712;Z de caisse 22/07/2022;;;66.70
2022/07/22;VT;445715;Z de caisse 22/07/2022;;;0.52
2022/07/22;VT;581;Z de caisse 22/07/2022;;231.41;;
2022/07/22;VT;582;Z de caisse 22/07/2022;;178.79;;
2022/07/23;VT;707200;Z de caisse 23/07/2022;20%;;606.17
2022/07/23;VT;707200;Z de caisse 23/07/2022;5.5%;;53.36
2022/07/23;VT;707200;Z de caisse 23/07/2022;0%;;30.00
2022/07/23;VT;___remises___;Z de caisse 23/07/2022;20%;4.73;
2022/07/23;VT;___remises___;Z de caisse 23/07/2022;5.5%;0.47;
2022/07/23;VT;445712;Z de caisse 23/07/2022;;;118.39
2022/07/23;VT;445715;Z de caisse 23/07/2022;;;2.83
2022/07/23;VT;581;Z de caisse 23/07/2022;;570.50;;
2022/07/23;VT;582;Z de caisse 23/07/2022;;224.21;;
2022/07/23;VT;;Z de caisse 23/07/2022;;10.84;;
2022/07/26;VT;707200;Z de caisse 26/07/2022;20%;;481.90
2022/07/26;VT;707200;Z de caisse 26/07/2022;5.5%;;60.62
2022/07/26;VT;445712;Z de caisse 26/07/2022;;;96.38
2022/07/26;VT;445715;Z de caisse 26/07/2022;;;3.33
2022/07/26;VT;581;Z de caisse 26/07/2022;;482.95;;
2022/07/26;VT;582;Z de caisse 26/07/2022;;159.28;;
2022/07/27;VT;707200;Z de caisse 27/07/2022;20%;;619.65
2022/07/27;VT;707200;Z de caisse 27/07/2022;5.5%;;18.96
2022/07/27;VT;445712;Z de caisse 27/07/2022;;;123.93
2022/07/27;VT;445715;Z de caisse 27/07/2022;;;1.04
2022/07/27;VT;581;Z de caisse 27/07/2022;;632.95;;
2022/07/27;VT;582;Z de caisse 27/07/2022;;130.63;;
2022/07/28;VT;707200;Z de caisse 28/07/2022;20%;;382.53
2022/07/28;VT;707200;Z de caisse 28/07/2022;5.5%;;28.34
2022/07/28;VT;445712;Z de caisse 28/07/2022;;;76.51
2022/07/28;VT;445715;Z de caisse 28/07/2022;;;1.56
2022/07/28;VT;581;Z de caisse 28/07/2022;;385.19;;
2022/07/28;VT;582;Z de caisse 28/07/2022;;103.75;;
2022/07/29;VT;707200;Z de caisse 29/07/2022;20%;;227.27
2022/07/29;VT;445712;Z de caisse 29/07/2022;;;45.45
2022/07/29;VT;581;Z de caisse 29/07/2022;;259.77;;
2022/07/29;VT;582;Z de caisse 29/07/2022;;12.95;;
2022/07/30;VT;___remises___;Z de caisse 30/07/2022;20%;0.42;
2022/07/30;VT;707200;Z de caisse 30/07/2022;20%;;592.42
2022/07/30;VT;707200;Z de caisse 30/07/2022;5.5%;;9.48
2022/07/30;VT;445712;Z de caisse 30/07/2022;;;118.40
2022/07/30;VT;445715;Z de caisse 30/07/2022;;;0.52
2022/07/30;VT;581;Z de caisse 30/07/2022;;654.07;;
2022/07/30;VT;582;Z de caisse 30/07/2022;;66.33;;
2022/08/02;VT;707200;Z de caisse 02/08/2022;20%;;851.79
2022/08/02;VT;707200;Z de caisse 02/08/2022;5.5%;;53.79
2022/08/02;VT;445712;Z de caisse 02/08/2022;;;170.36
2022/08/02;VT;445715;Z de caisse 02/08/2022;;;2.96
2022/08/02;VT;581;Z de caisse 02/08/2022;;629.21;;
2022/08/02;VT;582;Z de caisse 02/08/2022;;449.69;;
2022/08/03;VT;707200;Z de caisse 03/08/2022;20%;;601.90
2022/08/03;VT;707200;Z de caisse 03/08/2022;5.5%;;14.22
2022/08/03;VT;445712;Z de caisse 03/08/2022;;;120.38
2022/08/03;VT;445715;Z de caisse 03/08/2022;;;0.78
2022/08/03;VT;581;Z de caisse 03/08/2022;;297.64;;
2022/08/03;VT;582;Z de caisse 03/08/2022;;439.64;;
2022/08/04;VT;707200;Z de caisse 04/08/2022;20%;;529.58
2022/08/04;VT;707200;Z de caisse 04/08/2022;5.5%;;38.67
2022/08/04;VT;445712;Z de caisse 04/08/2022;;;105.92
2022/08/04;VT;445715;Z de caisse 04/08/2022;;;2.13
2022/08/04;VT;581;Z de caisse 04/08/2022;;468.49;;
2022/08/04;VT;582;Z de caisse 04/08/2022;;207.81;;
2022/08/05;VT;707200;Z de caisse 05/08/2022;20%;;333.69
2022/08/05;VT;707200;Z de caisse 05/08/2022;5.5%;;12.23
2022/08/05;VT;445712;Z de caisse 05/08/2022;;;66.74
2022/08/05;VT;445715;Z de caisse 05/08/2022;;;0.67
2022/08/05;VT;581;Z de caisse 05/08/2022;;293.22;;
2022/08/05;VT;582;Z de caisse 05/08/2022;;120.11;;
2022/08/06;VT;707200;Z de caisse 06/08/2022;20%;;653.98
2022/08/06;VT;707200;Z de caisse 06/08/2022;5.5%;;14.22
2022/08/06;VT;445712;Z de caisse 06/08/2022;;;130.80
2022/08/06;VT;445715;Z de caisse 06/08/2022;;;0.78
2022/08/06;VT;581;Z de caisse 06/08/2022;;652.66;;
2022/08/06;VT;582;Z de caisse 06/08/2022;;147.12;;
2022/08/09;VT;707200;Z de caisse 09/08/2022;5.5%;;31.18
2022/08/09;VT;707200;Z de caisse 09/08/2022;20%;;858.51
2022/08/09;VT;445715;Z de caisse 09/08/2022;;;1.72
2022/08/09;VT;445712;Z de caisse 09/08/2022;;;171.70
2022/08/09;VT;581;Z de caisse 09/08/2022;;850.56;;
2022/08/09;VT;582;Z de caisse 09/08/2022;;212.55;;
2022/08/10;VT;707200;Z de caisse 10/08/2022;5.5%;;38.63
2022/08/10;VT;707200;Z de caisse 10/08/2022;20%;;594.98
2022/08/10;VT;445715;Z de caisse 10/08/2022;;;2.12
2022/08/10;VT;445712;Z de caisse 10/08/2022;;;119.00
2022/08/10;VT;581;Z de caisse 10/08/2022;;630.91;;
2022/08/10;VT;582;Z de caisse 10/08/2022;;123.81;;
2022/08/10;VT;;Z de caisse 10/08/2022;;0.01;;
2022/08/11;VT;707200;Z de caisse 11/08/2022;20%;;300.55
2022/08/11;VT;707200;Z de caisse 11/08/2022;5.5%;;82.32
2022/08/11;VT;445712;Z de caisse 11/08/2022;;;60.11
2022/08/11;VT;445715;Z de caisse 11/08/2022;;;4.53
2022/08/11;VT;581;Z de caisse 11/08/2022;;305.98;;
2022/08/11;VT;582;Z de caisse 11/08/2022;;141.53;;
2022/08/12;VT;___remises___;Z de caisse 12/08/2022;5.5%;3.78;
2022/08/12;VT;707200;Z de caisse 12/08/2022;20%;;473.84
2022/08/12;VT;707200;Z de caisse 12/08/2022;5.5%;;130.14
2022/08/12;VT;445712;Z de caisse 12/08/2022;;;94.77
2022/08/12;VT;445715;Z de caisse 12/08/2022;;;6.95
2022/08/12;VT;581;Z de caisse 12/08/2022;;670.69;;
2022/08/12;VT;582;Z de caisse 12/08/2022;;31.23;;
2022/08/13;VT;___remises___;Z de caisse 13/08/2022;20%;27.42;
2022/08/13;VT;707200;Z de caisse 13/08/2022;20%;;835.27
2022/08/13;VT;707200;Z de caisse 13/08/2022;5.5%;;87.01
2022/08/13;VT;445712;Z de caisse 13/08/2022;;;161.57
2022/08/13;VT;445715;Z de caisse 13/08/2022;;;4.79
2022/08/13;VT;581;Z de caisse 13/08/2022;;817.64;;
2022/08/13;VT;582;Z de caisse 13/08/2022;;243.58;;
2022/08/30;VT;707200;Z de caisse 30/08/2022;20%;;450.53
2022/08/30;VT;707200;Z de caisse 30/08/2022;5.5%;;37.91
2022/08/30;VT;445712;Z de caisse 30/08/2022;;;90.11
2022/08/30;VT;445715;Z de caisse 30/08/2022;;;2.09
2022/08/30;VT;581;Z de caisse 30/08/2022;;344.62;;
2022/08/30;VT;582;Z de caisse 30/08/2022;;236.01;;
2022/08/30;VT;;Z de caisse 30/08/2022;;0.01;;
2022/08/31;VT;707200;Z de caisse 31/08/2022;20%;;364.88
2022/08/31;VT;707200;Z de caisse 31/08/2022;5.5%;;57.63
2022/08/31;VT;445712;Z de caisse 31/08/2022;;;72.98
2022/08/31;VT;445715;Z de caisse 31/08/2022;;;3.17
2022/08/31;VT;581;Z de caisse 31/08/2022;;346.01;;
2022/08/31;VT;582;Z de caisse 31/08/2022;;152.65;;
2022/09/01;VT;707200;Z de caisse 01/09/2022;20%;;488.54
2022/09/01;VT;707200;Z de caisse 01/09/2022;5.5%;;27.20
2022/09/01;VT;445712;Z de caisse 01/09/2022;;;97.71
2022/09/01;VT;445715;Z de caisse 01/09/2022;;;1.50
2022/09/01;VT;581;Z de caisse 01/09/2022;;522.06;;
2022/09/01;VT;582;Z de caisse 01/09/2022;;92.89;;
2022/09/02;VT;___remises___;Z de caisse 02/09/2022;20%;17.65;
2022/09/02;VT;707200;Z de caisse 02/09/2022;20%;;535.28
2022/09/02;VT;707200;Z de caisse 02/09/2022;5.5%;;53.55
2022/09/02;VT;445712;Z de caisse 02/09/2022;;;103.53
2022/09/02;VT;445715;Z de caisse 02/09/2022;;;2.95
2022/09/02;VT;581;Z de caisse 02/09/2022;;655.21;;
2022/09/02;VT;582;Z de caisse 02/09/2022;;22.45;;
2022/09/03;VT;707200;Z de caisse 03/09/2022;20%;;974.29
2022/09/03;VT;707200;Z de caisse 03/09/2022;5.5%;;82.84
2022/09/03;VT;445712;Z de caisse 03/09/2022;;;194.86
2022/09/03;VT;445715;Z de caisse 03/09/2022;;;4.56
2022/09/03;VT;581;Z de caisse 03/09/2022;;1115.96;;
2022/09/03;VT;582;Z de caisse 03/09/2022;;140.59;;
2022/09/06;VT;707200;Z de caisse 06/09/2022;20%;;683.40
2022/09/06;VT;707200;Z de caisse 06/09/2022;5.5%;;26.97
2022/09/06;VT;445712;Z de caisse 06/09/2022;;;136.68
2022/09/06;VT;445715;Z de caisse 06/09/2022;;;1.48
2022/09/06;VT;581;Z de caisse 06/09/2022;;771.56;;
2022/09/06;VT;582;Z de caisse 06/09/2022;;76.97;;
2022/09/07;VT;707200;Z de caisse 07/09/2022;5.5%;;74.41
2022/09/07;VT;707200;Z de caisse 07/09/2022;20%;;309.18
2022/09/07;VT;445715;Z de caisse 07/09/2022;;;4.09
2022/09/07;VT;445712;Z de caisse 07/09/2022;;;61.84
2022/09/07;VT;581;Z de caisse 07/09/2022;;411.53;;
2022/09/07;VT;582;Z de caisse 07/09/2022;;37.99;;
2022/09/08;VT;707200;Z de caisse 08/09/2022;20%;;185.36
2022/09/08;VT;707200;Z de caisse 08/09/2022;5.5%;;4.74
2022/09/08;VT;445712;Z de caisse 08/09/2022;;;37.07
2022/09/08;VT;445715;Z de caisse 08/09/2022;;;0.26
2022/09/08;VT;581;Z de caisse 08/09/2022;;226.78;;
2022/09/08;VT;582;Z de caisse 08/09/2022;;0.65;;
2022/09/09;VT;707200;Z de caisse 09/09/2022;20%;;257.98
2022/09/09;VT;707200;Z de caisse 09/09/2022;0%;;30.00
2022/09/09;VT;707200;Z de caisse 09/09/2022;5.5%;;4.74
2022/09/09;VT;445712;Z de caisse 09/09/2022;;;51.60
2022/09/09;VT;445715;Z de caisse 09/09/2022;;;0.26
2022/09/09;VT;581;Z de caisse 09/09/2022;;309.63;;
2022/09/09;VT;582;Z de caisse 09/09/2022;;34.95;;
2022/09/10;VT;707200;Z de caisse 10/09/2022;20%;;1064.32
2022/09/10;VT;707200;Z de caisse 10/09/2022;5.5%;;101.56
2022/09/10;VT;445712;Z de caisse 10/09/2022;;;212.86
2022/09/10;VT;445715;Z de caisse 10/09/2022;;;5.59
2022/09/10;VT;581;Z de caisse 10/09/2022;;1064.42;;
2022/09/10;VT;582;Z de caisse 10/09/2022;;319.91;;
2022/09/13;VT;707200;Z de caisse 13/09/2022;5.5%;;3.74
2022/09/13;VT;707200;Z de caisse 13/09/2022;20%;;124.58
2022/09/13;VT;445715;Z de caisse 13/09/2022;;;0.21
2022/09/13;VT;445712;Z de caisse 13/09/2022;;;24.92
2022/09/13;VT;581;Z de caisse 13/09/2022;;124.51;;
2022/09/13;VT;582;Z de caisse 13/09/2022;;28.94;;
2022/09/14;VT;707200;Z de caisse 14/09/2022;20%;;305.08
2022/09/14;VT;707200;Z de caisse 14/09/2022;5.5%;;4.74
2022/09/14;VT;445712;Z de caisse 14/09/2022;;;61.02
2022/09/14;VT;445715;Z de caisse 14/09/2022;;;0.26
2022/09/14;VT;581;Z de caisse 14/09/2022;;211.90;;
2022/09/14;VT;582;Z de caisse 14/09/2022;;159.19;;
2022/09/14;VT;;Z de caisse 14/09/2022;;0.01;;
2022/09/15;VT;707200;Z de caisse 15/09/2022;20%;;312.17
2022/09/15;VT;707200;Z de caisse 15/09/2022;5.5%;;21.71
2022/09/15;VT;707200;Z de caisse 15/09/2022;0%;30;
2022/09/15;VT;445712;Z de caisse 15/09/2022;;;62.43
2022/09/15;VT;445715;Z de caisse 15/09/2022;;;1.19
2022/09/15;VT;581;Z de caisse 15/09/2022;;306.80;;
2022/09/15;VT;582;Z de caisse 15/09/2022;;60.70;;
2022/09/16;VT;707200;Z de caisse 16/09/2022;20%;;534.33
2022/09/16;VT;707200;Z de caisse 16/09/2022;5.5%;;44.31
2022/09/16;VT;445712;Z de caisse 16/09/2022;;;106.87
2022/09/16;VT;445715;Z de caisse 16/09/2022;;;2.44
2022/09/16;VT;581;Z de caisse 16/09/2022;;592.81;;
2022/09/16;VT;582;Z de caisse 16/09/2022;;95.13;;
2022/09/16;VT;;Z de caisse 16/09/2022;;0.01;;
2022/09/17;VT;___remises___;Z de caisse 17/09/2022;20%;5.82;
2022/09/17;VT;707200;Z de caisse 17/09/2022;20%;;820.93
2022/09/17;VT;707200;Z de caisse 17/09/2022;0%;;50.00
2022/09/17;VT;707200;Z de caisse 17/09/2022;5.5%;;193.51
2022/09/17;VT;445712;Z de caisse 17/09/2022;;;163.02
2022/09/17;VT;445715;Z de caisse 17/09/2022;;;10.64
2022/09/17;VT;581;Z de caisse 17/09/2022;;1023.80;;
2022/09/17;VT;582;Z de caisse 17/09/2022;;208.49;;
2022/09/17;VT;;Z de caisse 17/09/2022;;;0.01
2022/09/20;VT;707200;Z de caisse 20/09/2022;20%;;496.42
2022/09/20;VT;707200;Z de caisse 20/09/2022;5.5%;;47.30
2022/09/20;VT;445712;Z de caisse 20/09/2022;;;99.28
2022/09/20;VT;445715;Z de caisse 20/09/2022;;;2.60
2022/09/20;VT;581;Z de caisse 20/09/2022;;526.80;;
2022/09/20;VT;582;Z de caisse 20/09/2022;;118.80;;
2022/09/21;VT;707200;Z de caisse 21/09/2022;20%;;470.97
2022/09/21;VT;707200;Z de caisse 21/09/2022;5.5%;;23.22
2022/09/21;VT;445712;Z de caisse 21/09/2022;;;94.19
2022/09/21;VT;445715;Z de caisse 21/09/2022;;;1.28
2022/09/21;VT;581;Z de caisse 21/09/2022;;491.51;;
2022/09/21;VT;582;Z de caisse 21/09/2022;;98.15;;
2022/09/22;VT;707200;Z de caisse 22/09/2022;5.5%;;33.18
2022/09/22;VT;707200;Z de caisse 22/09/2022;20%;;217.38
2022/09/22;VT;445715;Z de caisse 22/09/2022;;;1.82
2022/09/22;VT;445712;Z de caisse 22/09/2022;;;43.48
2022/09/22;VT;581;Z de caisse 22/09/2022;;290.91;;
2022/09/22;VT;582;Z de caisse 22/09/2022;;4.95;;
2022/09/23;VT;707200;Z de caisse 23/09/2022;20%;;239.08
2022/09/23;VT;707200;Z de caisse 23/09/2022;5.5%;;97.06
2022/09/23;VT;445712;Z de caisse 23/09/2022;;;47.82
2022/09/23;VT;445715;Z de caisse 23/09/2022;;;5.34
2022/09/23;VT;581;Z de caisse 23/09/2022;;364.41;;
2022/09/23;VT;582;Z de caisse 23/09/2022;;24.89;;
2022/09/24;VT;___remises___;Z de caisse 24/09/2022;5.5%;1.9;
2022/09/24;VT;___remises___;Z de caisse 24/09/2022;20%;1.08;
2022/09/24;VT;707200;Z de caisse 24/09/2022;20%;;482.70
2022/09/24;VT;707200;Z de caisse 24/09/2022;5.5%;;99.34
2022/09/24;VT;707200;Z de caisse 24/09/2022;0%;;17.95
2022/09/24;VT;445712;Z de caisse 24/09/2022;;;96.32
2022/09/24;VT;445715;Z de caisse 24/09/2022;;;5.36
2022/09/24;VT;581;Z de caisse 24/09/2022;;565.95;;
2022/09/24;VT;582;Z de caisse 24/09/2022;;132.74;;
2022/09/27;VT;707200;Z de caisse 27/09/2022;20%;;180.08
2022/09/27;VT;445712;Z de caisse 27/09/2022;;;36.02
2022/09/27;VT;581;Z de caisse 27/09/2022;;210.20;;
2022/09/27;VT;582;Z de caisse 27/09/2022;;5.90;;
2022/09/28;VT;___remises___;Z de caisse 28/09/2022;20%;1.79;
2022/09/28;VT;707200;Z de caisse 28/09/2022;20%;;264.12
2022/09/28;VT;445712;Z de caisse 28/09/2022;;;52.47
2022/09/28;VT;581;Z de caisse 28/09/2022;;239.86;;
2022/09/28;VT;582;Z de caisse 28/09/2022;;74.93;;
2022/09/28;VT;;Z de caisse 28/09/2022;;0.01;;
2022/09/29;VT;707200;Z de caisse 29/09/2022;20%;;175.14
2022/09/29;VT;707200;Z de caisse 29/09/2022;0%;;30.00
2022/09/29;VT;445712;Z de caisse 29/09/2022;;;35.03
2022/09/29;VT;581;Z de caisse 29/09/2022;;187.69;;
2022/09/29;VT;582;Z de caisse 29/09/2022;;52.48;;
2022/09/30;VT;707200;Z de caisse 30/09/2022;20%;;626.23
2022/09/30;VT;707200;Z de caisse 30/09/2022;5.5%;;8.48
2022/09/30;VT;707200;Z de caisse 30/09/2022;0%;;30.00
2022/09/30;VT;445712;Z de caisse 30/09/2022;;;125.25
2022/09/30;VT;445715;Z de caisse 30/09/2022;;;0.47
2022/09/30;VT;581;Z de caisse 30/09/2022;;770.23;;
2022/09/30;VT;582;Z de caisse 30/09/2022;;20.19;;
2022/09/30;VT;;Z de caisse 30/09/2022;;0.01;;
2022/10/01;VT;___remises___;Z de caisse 01/10/2022;20%;6.56;
2022/10/01;VT;___remises___;Z de caisse 01/10/2022;5.5%;0.24;
2022/10/01;VT;707200;Z de caisse 01/10/2022;20%;;944.28
2022/10/01;VT;707200;Z de caisse 01/10/2022;5.5%;;54.98
2022/10/01;VT;445712;Z de caisse 01/10/2022;;;187.54
2022/10/01;VT;445715;Z de caisse 01/10/2022;;;3.01
2022/10/01;VT;581;Z de caisse 01/10/2022;;1094.01;;
2022/10/01;VT;582;Z de caisse 01/10/2022;;89.00;;
2022/10/04;VT;707200;Z de caisse 04/10/2022;20%;;33.40
2022/10/04;VT;707200;Z de caisse 04/10/2022;5.5%;;4.74
2022/10/04;VT;445712;Z de caisse 04/10/2022;;;6.68
2022/10/04;VT;445715;Z de caisse 04/10/2022;;;0.26
2022/10/04;VT;581;Z de caisse 04/10/2022;;45.08;;
2022/10/05;VT;707200;Z de caisse 05/10/2022;20%;;438.54
2022/10/05;VT;707200;Z de caisse 05/10/2022;5.5%;;66.35
2022/10/05;VT;707200;Z de caisse 05/10/2022;0%;30;
2022/10/05;VT;445712;Z de caisse 05/10/2022;;;87.71
2022/10/05;VT;445715;Z de caisse 05/10/2022;;;3.65
2022/10/05;VT;581;Z de caisse 05/10/2022;;465.44;;
2022/10/05;VT;582;Z de caisse 05/10/2022;;100.81;;
2022/10/06;VT;707200;Z de caisse 06/10/2022;20%;;354.93
2022/10/06;VT;707200;Z de caisse 06/10/2022;5.5%;;40.38
2022/10/06;VT;445712;Z de caisse 06/10/2022;;;70.99
2022/10/06;VT;445715;Z de caisse 06/10/2022;;;2.22
2022/10/06;VT;581;Z de caisse 06/10/2022;;406.61;;
2022/10/06;VT;582;Z de caisse 06/10/2022;;61.90;;
2022/10/06;VT;;Z de caisse 06/10/2022;;0.01;;
2022/10/07;VT;707200;Z de caisse 07/10/2022;20%;;290.93
2022/10/07;VT;445712;Z de caisse 07/10/2022;;;58.19
2022/10/07;VT;581;Z de caisse 07/10/2022;;283.37;;
2022/10/07;VT;582;Z de caisse 07/10/2022;;65.74;;
2022/10/07;VT;;Z de caisse 07/10/2022;;0.01;;
2022/10/08;VT;___remises___;Z de caisse 08/10/2022;20%;10.85;
2022/10/08;VT;___remises___;Z de caisse 08/10/2022;5.5%;0.38;
2022/10/08;VT;707200;Z de caisse 08/10/2022;20%;;1162.27
2022/10/08;VT;707200;Z de caisse 08/10/2022;5.5%;;247.54
2022/10/08;VT;707200;Z de caisse 08/10/2022;0%;30;
2022/10/08;VT;445712;Z de caisse 08/10/2022;;;230.28
2022/10/08;VT;445715;Z de caisse 08/10/2022;;;13.59
2022/10/08;VT;581;Z de caisse 08/10/2022;;1392.11;;
2022/10/08;VT;582;Z de caisse 08/10/2022;;220.34;;
2022/10/11;VT;707200;Z de caisse 11/10/2022;20%;;267.55
2022/10/11;VT;707200;Z de caisse 11/10/2022;5.5%;;22.61
2022/10/11;VT;445712;Z de caisse 11/10/2022;;;53.51
2022/10/11;VT;445715;Z de caisse 11/10/2022;;;1.24
2022/10/11;VT;581;Z de caisse 11/10/2022;;316.01;;
2022/10/11;VT;582;Z de caisse 11/10/2022;;28.90;;
2022/10/12;VT;707200;Z de caisse 12/10/2022;20%;;616.53
2022/10/12;VT;707200;Z de caisse 12/10/2022;5.5%;;47.39
2022/10/12;VT;445712;Z de caisse 12/10/2022;;;123.31
2022/10/12;VT;445715;Z de caisse 12/10/2022;;;2.61
2022/10/12;VT;581;Z de caisse 12/10/2022;;692.31;;
2022/10/12;VT;582;Z de caisse 12/10/2022;;97.52;;
2022/10/12;VT;;Z de caisse 12/10/2022;;0.01;;
2022/10/13;VT;707200;Z de caisse 13/10/2022;5.5%;;14.22
2022/10/13;VT;707200;Z de caisse 13/10/2022;20%;;226.42
2022/10/13;VT;445715;Z de caisse 13/10/2022;;;0.78
2022/10/13;VT;445712;Z de caisse 13/10/2022;;;45.28
2022/10/13;VT;581;Z de caisse 13/10/2022;;122.80;;
2022/10/13;VT;582;Z de caisse 13/10/2022;;100.80;;
2022/10/13;VT;583;Z de caisse 13/10/2022;;63.10;;
2022/10/14;VT;707200;Z de caisse 14/10/2022;20%;;386.61
2022/10/14;VT;707200;Z de caisse 14/10/2022;5.5%;;33.08
2022/10/14;VT;445712;Z de caisse 14/10/2022;;;77.32
2022/10/14;VT;445715;Z de caisse 14/10/2022;;;1.82
2022/10/14;VT;581;Z de caisse 14/10/2022;;488.93;;
2022/10/14;VT;582;Z de caisse 14/10/2022;;9.90;;
2022/10/15;VT;707200;Z de caisse 15/10/2022;20%;;982.15
2022/10/15;VT;707200;Z de caisse 15/10/2022;5.5%;;118.48
2022/10/15;VT;445712;Z de caisse 15/10/2022;;;196.43
2022/10/15;VT;445715;Z de caisse 15/10/2022;;;6.52
2022/10/15;VT;581;Z de caisse 15/10/2022;;1032.93;;
2022/10/15;VT;582;Z de caisse 15/10/2022;;270.65;;
2022/10/18;VT;707200;Z de caisse 18/10/2022;20%;;241.23
2022/10/18;VT;707200;Z de caisse 18/10/2022;5.5%;;28.34
2022/10/18;VT;445712;Z de caisse 18/10/2022;;;48.25
2022/10/18;VT;445715;Z de caisse 18/10/2022;;;1.56
2022/10/18;VT;581;Z de caisse 18/10/2022;;269.37;;
2022/10/18;VT;582;Z de caisse 18/10/2022;;50.00;;
2022/10/18;VT;;Z de caisse 18/10/2022;;0.01;;
2022/10/19;VT;707200;Z de caisse 19/10/2022;5.5%;;102.27
2022/10/19;VT;707200;Z de caisse 19/10/2022;20%;;306.85
2022/10/19;VT;445715;Z de caisse 19/10/2022;;;5.63
2022/10/19;VT;445712;Z de caisse 19/10/2022;;;61.37
2022/10/19;VT;581;Z de caisse 19/10/2022;;446.17;;
2022/10/19;VT;582;Z de caisse 19/10/2022;;29.95;;
2022/10/20;VT;707200;Z de caisse 20/10/2022;20%;;248.93
2022/10/20;VT;707200;Z de caisse 20/10/2022;5.5%;;32.61
2022/10/20;VT;445712;Z de caisse 20/10/2022;;;49.79
2022/10/20;VT;445715;Z de caisse 20/10/2022;;;1.79
2022/10/20;VT;581;Z de caisse 20/10/2022;;264.62;;
2022/10/20;VT;582;Z de caisse 20/10/2022;;68.49;;
2022/10/20;VT;;Z de caisse 20/10/2022;;0.01;;
2022/10/21;VT;707200;Z de caisse 21/10/2022;20%;;598.71
2022/10/21;VT;707200;Z de caisse 21/10/2022;5.5%;;33.18
2022/10/21;VT;445712;Z de caisse 21/10/2022;;;119.74
2022/10/21;VT;445715;Z de caisse 21/10/2022;;;1.82
2022/10/21;VT;581;Z de caisse 21/10/2022;;705.55;;
2022/10/21;VT;582;Z de caisse 21/10/2022;;47.90;;
2022/10/22;VT;707200;Z de caisse 22/10/2022;20%;;984.13
2022/10/22;VT;707200;Z de caisse 22/10/2022;5.5%;;202.09
2022/10/22;VT;445712;Z de caisse 22/10/2022;;;196.83
2022/10/22;VT;445715;Z de caisse 22/10/2022;;;11.11
2022/10/22;VT;581;Z de caisse 22/10/2022;;1005.33;;
2022/10/22;VT;582;Z de caisse 22/10/2022;;388.83;;
2022/10/25;VT;___remises___;Z de caisse 25/10/2022;20%;5.83;
2022/10/25;VT;707200;Z de caisse 25/10/2022;20%;;1182.07
2022/10/25;VT;707200;Z de caisse 25/10/2022;5.5%;;174.22
2022/10/25;VT;445712;Z de caisse 25/10/2022;;;235.25
2022/10/25;VT;445715;Z de caisse 25/10/2022;;;9.58
2022/10/25;VT;581;Z de caisse 25/10/2022;;1334.78;;
2022/10/25;VT;582;Z de caisse 25/10/2022;;260.51;;
2022/10/26;VT;707200;Z de caisse 26/10/2022;20%;;651.22
2022/10/26;VT;707200;Z de caisse 26/10/2022;5.5%;;31.18
2022/10/26;VT;445712;Z de caisse 26/10/2022;;;130.24
2022/10/26;VT;445715;Z de caisse 26/10/2022;;;1.72
2022/10/26;VT;581;Z de caisse 26/10/2022;;674.26;;
2022/10/26;VT;582;Z de caisse 26/10/2022;;140.10;;
2022/10/27;VT;707200;Z de caisse 27/10/2022;20%;;567.59
2022/10/27;VT;707200;Z de caisse 27/10/2022;5.5%;;55.83
2022/10/27;VT;445712;Z de caisse 27/10/2022;;;113.52
2022/10/27;VT;445715;Z de caisse 27/10/2022;;;3.07
2022/10/27;VT;581;Z de caisse 27/10/2022;;574.46;;
2022/10/27;VT;582;Z de caisse 27/10/2022;;165.55;;
2022/10/28;VT;___remises___;Z de caisse 28/10/2022;20%;13.15;
2022/10/28;VT;707200;Z de caisse 28/10/2022;20%;;843.91
2022/10/28;VT;707200;Z de caisse 28/10/2022;5.5%;;42.18
2022/10/28;VT;445712;Z de caisse 28/10/2022;;;166.15
2022/10/28;VT;445715;Z de caisse 28/10/2022;;;2.32
2022/10/28;VT;581;Z de caisse 28/10/2022;;914.58;;
2022/10/28;VT;582;Z de caisse 28/10/2022;;126.83;;
2022/10/29;VT;707200;Z de caisse 29/10/2022;20%;;1362.33
2022/10/29;VT;707200;Z de caisse 29/10/2022;5.5%;;126.02
2022/10/29;VT;445712;Z de caisse 29/10/2022;;;272.47
2022/10/29;VT;445715;Z de caisse 29/10/2022;;;6.93
2022/10/29;VT;581;Z de caisse 29/10/2022;;1491.77;;
2022/10/29;VT;582;Z de caisse 29/10/2022;;275.98;;
2022/11/02;VT;707200;Z de caisse 02/11/2022;20%;;1123.41
2022/11/02;VT;707200;Z de caisse 02/11/2022;5.5%;;204.64
2022/11/02;VT;445712;Z de caisse 02/11/2022;;;224.68
2022/11/02;VT;445715;Z de caisse 02/11/2022;;;11.26
2022/11/02;VT;581;Z de caisse 02/11/2022;;1365.11;;
2022/11/02;VT;582;Z de caisse 02/11/2022;;198.88;;
2022/11/03;VT;707200;Z de caisse 03/11/2022;20%;;1072.08
2022/11/03;VT;707200;Z de caisse 03/11/2022;5.5%;;126.26
2022/11/03;VT;445712;Z de caisse 03/11/2022;;;214.42
2022/11/03;VT;445715;Z de caisse 03/11/2022;;;6.94
2022/11/03;VT;581;Z de caisse 03/11/2022;;954.76;;
2022/11/03;VT;582;Z de caisse 03/11/2022;;464.94;;
2022/11/04;VT;707200;Z de caisse 04/11/2022;5.5%;;91.71
2022/11/04;VT;707200;Z de caisse 04/11/2022;20%;;501.68
2022/11/04;VT;707200;Z de caisse 04/11/2022;0%;;134.94
2022/11/04;VT;445715;Z de caisse 04/11/2022;;;5.04
2022/11/04;VT;445712;Z de caisse 04/11/2022;;;100.34
2022/11/04;VT;581;Z de caisse 04/11/2022;;791.32;;
2022/11/04;VT;582;Z de caisse 04/11/2022;;42.39;;
2022/11/05;VT;___remises___;Z de caisse 05/11/2022;20%;3.12;
2022/11/05;VT;707200;Z de caisse 05/11/2022;20%;;1282.54
2022/11/05;VT;707200;Z de caisse 05/11/2022;5.5%;;84.08
2022/11/05;VT;445712;Z de caisse 05/11/2022;;;255.89
2022/11/05;VT;445715;Z de caisse 05/11/2022;;;4.62
2022/11/05;VT;581;Z de caisse 05/11/2022;;1382.77;;
2022/11/05;VT;582;Z de caisse 05/11/2022;;241.24;;
2022/11/08;VT;707200;Z de caisse 08/11/2022;20%;;869.58
2022/11/08;VT;707200;Z de caisse 08/11/2022;5.5%;;63.13
2022/11/08;VT;445712;Z de caisse 08/11/2022;;;173.92
2022/11/08;VT;445715;Z de caisse 08/11/2022;;;3.47
2022/11/08;VT;581;Z de caisse 08/11/2022;;986.14;;
2022/11/08;VT;582;Z de caisse 08/11/2022;;123.95;;
2022/11/08;VT;;Z de caisse 08/11/2022;;0.01;;
2022/11/09;VT;___remises___;Z de caisse 09/11/2022;20%;8.74;
2022/11/09;VT;707200;Z de caisse 09/11/2022;20%;;698.32
2022/11/09;VT;707200;Z de caisse 09/11/2022;5.5%;;60.52
2022/11/09;VT;445712;Z de caisse 09/11/2022;;;137.92
2022/11/09;VT;445715;Z de caisse 09/11/2022;;;3.33
2022/11/09;VT;581;Z de caisse 09/11/2022;;797.06;;
2022/11/09;VT;582;Z de caisse 09/11/2022;;94.28;;
2022/11/09;VT;;Z de caisse 09/11/2022;;0.01;;
2022/11/10;VT;707200;Z de caisse 10/11/2022;5.5%;;71.52
2022/11/10;VT;707200;Z de caisse 10/11/2022;20%;;543.20
2022/11/10;VT;445715;Z de caisse 10/11/2022;;;3.93
2022/11/10;VT;445712;Z de caisse 10/11/2022;;;108.64
2022/11/10;VT;581;Z de caisse 10/11/2022;;696.89;;
2022/11/10;VT;582;Z de caisse 10/11/2022;;30.40;;
2022/11/11;VT;707200;Z de caisse 11/11/2022;20%;;708.89
2022/11/11;VT;707200;Z de caisse 11/11/2022;5.5%;;118.29
2022/11/11;VT;445712;Z de caisse 11/11/2022;;;141.78
2022/11/11;VT;445715;Z de caisse 11/11/2022;;;6.51
2022/11/11;VT;581;Z de caisse 11/11/2022;;937.53;;
2022/11/11;VT;582;Z de caisse 11/11/2022;;37.94;;
2022/11/12;VT;___remises___;Z de caisse 12/11/2022;20%;3.33;
2022/11/12;VT;707200;Z de caisse 12/11/2022;20%;;1226.73
2022/11/12;VT;707200;Z de caisse 12/11/2022;5.5%;;186.35
2022/11/12;VT;445712;Z de caisse 12/11/2022;;;244.68
2022/11/12;VT;445715;Z de caisse 12/11/2022;;;10.25
2022/11/12;VT;581;Z de caisse 12/11/2022;;1396.89;;
2022/11/12;VT;582;Z de caisse 12/11/2022;;267.79;;
2022/11/15;VT;707200;Z de caisse 15/11/2022;20%;;544.54
2022/11/15;VT;707200;Z de caisse 15/11/2022;5.5%;;78.10
2022/11/15;VT;445712;Z de caisse 15/11/2022;;;108.91
2022/11/15;VT;445715;Z de caisse 15/11/2022;;;4.30
2022/11/15;VT;581;Z de caisse 15/11/2022;;489.90;;
2022/11/15;VT;582;Z de caisse 15/11/2022;;245.95;;
2022/11/16;VT;___remises___;Z de caisse 16/11/2022;20%;3.74;
2022/11/16;VT;___remises___;Z de caisse 16/11/2022;5.5%;0.38;
2022/11/16;VT;707200;Z de caisse 16/11/2022;20%;;345.27
2022/11/16;VT;707200;Z de caisse 16/11/2022;5.5%;;52.89
2022/11/16;VT;445712;Z de caisse 16/11/2022;;;68.31
2022/11/16;VT;445715;Z de caisse 16/11/2022;;;2.89
2022/11/16;VT;581;Z de caisse 16/11/2022;;455.28;;
2022/11/16;VT;582;Z de caisse 16/11/2022;;9.95;;
2022/11/16;VT;;Z de caisse 16/11/2022;;0.01;;
2022/11/17;VT;707200;Z de caisse 17/11/2022;20%;;168.65
2022/11/17;VT;707200;Z de caisse 17/11/2022;5.5%;;4.74
2022/11/17;VT;445712;Z de caisse 17/11/2022;;;33.73
2022/11/17;VT;445715;Z de caisse 17/11/2022;;;0.26
2022/11/17;VT;581;Z de caisse 17/11/2022;;161.64;;
2022/11/17;VT;582;Z de caisse 17/11/2022;;45.74;;
2022/11/18;VT;707200;Z de caisse 18/11/2022;20%;;457.84
2022/11/18;VT;707200;Z de caisse 18/11/2022;5.5%;;20.66
2022/11/18;VT;445712;Z de caisse 18/11/2022;;;91.57
2022/11/18;VT;445715;Z de caisse 18/11/2022;;;1.14
2022/11/18;VT;581;Z de caisse 18/11/2022;;478.54;;
2022/11/18;VT;582;Z de caisse 18/11/2022;;92.67;;
2022/11/19;VT;707200;Z de caisse 19/11/2022;20%;;893.23
2022/11/19;VT;707200;Z de caisse 19/11/2022;5.5%;;120.95
2022/11/19;VT;707200;Z de caisse 19/11/2022;0%;;120.00
2022/11/19;VT;445712;Z de caisse 19/11/2022;;;178.65
2022/11/19;VT;445715;Z de caisse 19/11/2022;;;6.65
2022/11/19;VT;581;Z de caisse 19/11/2022;;1129.82;;
2022/11/19;VT;582;Z de caisse 19/11/2022;;189.65;;
2022/11/19;VT;;Z de caisse 19/11/2022;;0.01;;
2022/11/22;VT;707200;Z de caisse 22/11/2022;20%;;277.74
2022/11/22;VT;707200;Z de caisse 22/11/2022;5.5%;;3.74
2022/11/22;VT;707200;Z de caisse 22/11/2022;0%;;70.00
2022/11/22;VT;445712;Z de caisse 22/11/2022;;;55.55
2022/11/22;VT;445715;Z de caisse 22/11/2022;;;0.21
2022/11/22;VT;581;Z de caisse 22/11/2022;;403.29;;
2022/11/22;VT;582;Z de caisse 22/11/2022;;3.95;;
2022/11/23;VT;707200;Z de caisse 23/11/2022;20%;;294.03
2022/11/23;VT;707200;Z de caisse 23/11/2022;5.5%;;46.45
2022/11/23;VT;445712;Z de caisse 23/11/2022;;;58.81
2022/11/23;VT;445715;Z de caisse 23/11/2022;;;2.55
2022/11/23;VT;581;Z de caisse 23/11/2022;;304.28;;
2022/11/23;VT;582;Z de caisse 23/11/2022;;97.55;;
2022/11/23;VT;;Z de caisse 23/11/2022;;0.01;;
2022/11/24;VT;707200;Z de caisse 24/11/2022;0%;;80.00
2022/11/24;VT;707200;Z de caisse 24/11/2022;20%;;405.88
2022/11/24;VT;445712;Z de caisse 24/11/2022;;;81.18
2022/11/24;VT;581;Z de caisse 24/11/2022;;489.87;;
2022/11/24;VT;582;Z de caisse 24/11/2022;;77.19;;
2022/11/25;VT;707200;Z de caisse 25/11/2022;20%;;480.53
2022/11/25;VT;707200;Z de caisse 25/11/2022;5.5%;;3.74
2022/11/25;VT;445712;Z de caisse 25/11/2022;;;96.11
2022/11/25;VT;445715;Z de caisse 25/11/2022;;;0.21
2022/11/25;VT;581;Z de caisse 25/11/2022;;252.78;;
2022/11/25;VT;582;Z de caisse 25/11/2022;;327.80;;
2022/11/25;VT;;Z de caisse 25/11/2022;;0.01;;
2022/11/26;VT;___remises___;Z de caisse 26/11/2022;20%;15.75;
2022/11/26;VT;707200;Z de caisse 26/11/2022;20%;;1951.85
2022/11/26;VT;707200;Z de caisse 26/11/2022;5.5%;;108.77
2022/11/26;VT;445712;Z de caisse 26/11/2022;;;387.22
2022/11/26;VT;445715;Z de caisse 26/11/2022;;;5.98
2022/11/26;VT;581;Z de caisse 26/11/2022;;1842.61;;
2022/11/26;VT;582;Z de caisse 26/11/2022;;595.46;;
2022/11/29;VT;707200;Z de caisse 29/11/2022;20%;;488.43
2022/11/29;VT;707200;Z de caisse 29/11/2022;5.5%;;167.06
2022/11/29;VT;445712;Z de caisse 29/11/2022;;;97.69
2022/11/29;VT;445715;Z de caisse 29/11/2022;;;9.19
2022/11/29;VT;581;Z de caisse 29/11/2022;;704.52;;
2022/11/29;VT;582;Z de caisse 29/11/2022;;57.85;;
2022/11/30;VT;707200;Z de caisse 30/11/2022;20%;;1007.43
2022/11/30;VT;707200;Z de caisse 30/11/2022;5.5%;;72.42
2022/11/30;VT;445712;Z de caisse 30/11/2022;;;201.49
2022/11/30;VT;445715;Z de caisse 30/11/2022;;;3.98
2022/11/30;VT;581;Z de caisse 30/11/2022;;1126.24;;
2022/11/30;VT;582;Z de caisse 30/11/2022;;159.08;;
2022/12/01;VT;707200;Z de caisse 01/12/2022;20%;;767.93
2022/12/01;VT;707200;Z de caisse 01/12/2022;5.5%;;66.35
2022/12/01;VT;445712;Z de caisse 01/12/2022;;;153.59
2022/12/01;VT;445715;Z de caisse 01/12/2022;;;3.65
2022/12/01;VT;581;Z de caisse 01/12/2022;;685.09;;
2022/12/01;VT;582;Z de caisse 01/12/2022;;306.43;;
2022/12/02;VT;___remises___;Z de caisse 02/12/2022;20%;4.97;
2022/12/02;VT;707200;Z de caisse 02/12/2022;20%;;504.68
2022/12/02;VT;707200;Z de caisse 02/12/2022;5.5%;;61.52
2022/12/02;VT;445712;Z de caisse 02/12/2022;;;99.94
2022/12/02;VT;445715;Z de caisse 02/12/2022;;;3.38
2022/12/02;VT;581;Z de caisse 02/12/2022;;633.65;;
2022/12/02;VT;582;Z de caisse 02/12/2022;;30.91;;
2022/12/02;VT;;Z de caisse 02/12/2022;;;0.01
2022/12/03;VT;___remises___;Z de caisse 03/12/2022;20%;3.58;
2022/12/03;VT;707200;Z de caisse 03/12/2022;20%;;1917.98
2022/12/03;VT;707200;Z de caisse 03/12/2022;5.5%;;98.58
2022/12/03;VT;707200;Z de caisse 03/12/2022;0%;;50.00
2022/12/03;VT;445712;Z de caisse 03/12/2022;;;382.88
2022/12/03;VT;445715;Z de caisse 03/12/2022;;;5.42
2022/12/03;VT;581;Z de caisse 03/12/2022;;2146.86;;
2022/12/03;VT;582;Z de caisse 03/12/2022;;304.43;;
2022/12/03;VT;;Z de caisse 03/12/2022;;;0.01
2022/12/04;VT;707200;Z de caisse 04/12/2022;20%;;319.26
2022/12/04;VT;707200;Z de caisse 04/12/2022;5.5%;;23.70
2022/12/04;VT;445712;Z de caisse 04/12/2022;;;63.85
2022/12/04;VT;445715;Z de caisse 04/12/2022;;;1.30
2022/12/04;VT;581;Z de caisse 04/12/2022;;339.32;;
2022/12/04;VT;582;Z de caisse 04/12/2022;;68.79;;
2022/12/06;VT;707200;Z de caisse 06/12/2022;20%;;892.75
2022/12/06;VT;707200;Z de caisse 06/12/2022;5.5%;;9.38
2022/12/06;VT;445712;Z de caisse 06/12/2022;;;178.55
2022/12/06;VT;445715;Z de caisse 06/12/2022;;;0.52
2022/12/06;VT;581;Z de caisse 06/12/2022;;997.95;;
2022/12/06;VT;582;Z de caisse 06/12/2022;;83.25;;
2022/12/07;VT;707200;Z de caisse 07/12/2022;20%;;1107.29
2022/12/07;VT;707200;Z de caisse 07/12/2022;5.5%;;8.48
2022/12/07;VT;707200;Z de caisse 07/12/2022;0%;9.99;
2022/12/07;VT;445712;Z de caisse 07/12/2022;;;221.46
2022/12/07;VT;445715;Z de caisse 07/12/2022;;;0.47
2022/12/07;VT;581;Z de caisse 07/12/2022;;1060.82;;
2022/12/07;VT;582;Z de caisse 07/12/2022;;266.89;;
2022/12/08;VT;707200;Z de caisse 08/12/2022;20%;;543.77
2022/12/08;VT;707200;Z de caisse 08/12/2022;5.5%;;70.85
2022/12/08;VT;445712;Z de caisse 08/12/2022;;;108.75
2022/12/08;VT;445715;Z de caisse 08/12/2022;;;3.90
2022/12/08;VT;581;Z de caisse 08/12/2022;;608.69;;
2022/12/08;VT;582;Z de caisse 08/12/2022;;118.58;;
2022/12/09;VT;___remises___;Z de caisse 09/12/2022;20%;25.49;
2022/12/09;VT;707200;Z de caisse 09/12/2022;20%;;943.12
2022/12/09;VT;707200;Z de caisse 09/12/2022;5.5%;;26.35
2022/12/09;VT;445712;Z de caisse 09/12/2022;;;183.53
2022/12/09;VT;445715;Z de caisse 09/12/2022;;;1.45
2022/12/09;VT;581;Z de caisse 09/12/2022;;1038.86;;
2022/12/09;VT;582;Z de caisse 09/12/2022;;90.09;;
2022/12/09;VT;;Z de caisse 09/12/2022;;0.01;;
2022/12/10;VT;707200;Z de caisse 10/12/2022;20%;;2238.71
2022/12/10;VT;707200;Z de caisse 10/12/2022;5.5%;;319.38
2022/12/10;VT;707200;Z de caisse 10/12/2022;0%;;50.00
2022/12/10;VT;445712;Z de caisse 10/12/2022;;;447.74
2022/12/10;VT;445715;Z de caisse 10/12/2022;;;17.57
2022/12/10;VT;581;Z de caisse 10/12/2022;;2840.80;;
2022/12/10;VT;582;Z de caisse 10/12/2022;;232.60;;
2022/12/11;VT;707200;Z de caisse 11/12/2022;20%;;619.47
2022/12/11;VT;445712;Z de caisse 11/12/2022;;;123.89
2022/12/11;VT;581;Z de caisse 11/12/2022;;619.22;;
2022/12/11;VT;582;Z de caisse 11/12/2022;;124.14;;
2022/12/13;VT;707200;Z de caisse 13/12/2022;20%;;985.65
2022/12/13;VT;707200;Z de caisse 13/12/2022;5.5%;;4.74
2022/12/13;VT;445712;Z de caisse 13/12/2022;;;197.13
2022/12/13;VT;445715;Z de caisse 13/12/2022;;;0.26
2022/12/13;VT;581;Z de caisse 13/12/2022;;1079.02;;
2022/12/13;VT;582;Z de caisse 13/12/2022;;108.76;;
2022/12/14;VT;707200;Z de caisse 14/12/2022;20%;;805.76
2022/12/14;VT;707200;Z de caisse 14/12/2022;5.5%;;22.70
2022/12/14;VT;445712;Z de caisse 14/12/2022;;;161.15
2022/12/14;VT;445715;Z de caisse 14/12/2022;;;1.25
2022/12/14;VT;581;Z de caisse 14/12/2022;;808.21;;
2022/12/14;VT;582;Z de caisse 14/12/2022;;182.65;;
2022/12/15;VT;707200;Z de caisse 15/12/2022;20%;;1350.32
2022/12/15;VT;707200;Z de caisse 15/12/2022;5.5%;;139.00
2022/12/15;VT;707200;Z de caisse 15/12/2022;0%;;9.95
2022/12/15;VT;445712;Z de caisse 15/12/2022;;;270.06
2022/12/15;VT;445715;Z de caisse 15/12/2022;;;7.65
2022/12/15;VT;581;Z de caisse 15/12/2022;;1642.61;;
2022/12/15;VT;582;Z de caisse 15/12/2022;;134.37;;
2022/12/16;VT;707200;Z de caisse 16/12/2022;20%;;826.49
2022/12/16;VT;707200;Z de caisse 16/12/2022;5.5%;;28.34
2022/12/16;VT;707200;Z de caisse 16/12/2022;0%;74.94;
2022/12/16;VT;445712;Z de caisse 16/12/2022;;;165.30
2022/12/16;VT;445715;Z de caisse 16/12/2022;;;1.56
2022/12/16;VT;581;Z de caisse 16/12/2022;;861.71;;
2022/12/16;VT;582;Z de caisse 16/12/2022;;85.04;;
2022/12/17;VT;___remises___;Z de caisse 17/12/2022;20%;20.37;
2022/12/17;VT;707200;Z de caisse 17/12/2022;20%;;2942.82
2022/12/17;VT;707200;Z de caisse 17/12/2022;5.5%;;84.98
2022/12/17;VT;445712;Z de caisse 17/12/2022;;;584.49
2022/12/17;VT;445715;Z de caisse 17/12/2022;;;4.67
2022/12/17;VT;581;Z de caisse 17/12/2022;;3393.62;;
2022/12/17;VT;582;Z de caisse 17/12/2022;;202.97;;
2022/12/18;VT;___remises___;Z de caisse 18/12/2022;20%;23.98;
2022/12/18;VT;707200;Z de caisse 18/12/2022;20%;;277.63
2022/12/18;VT;445712;Z de caisse 18/12/2022;;;50.73
2022/12/18;VT;581;Z de caisse 18/12/2022;;251.99;;
2022/12/18;VT;582;Z de caisse 18/12/2022;;52.40;;
2022/12/18;VT;;Z de caisse 18/12/2022;;;0.01
2022/12/20;VT;707200;Z de caisse 20/12/2022;20%;;1724.38
2022/12/20;VT;707200;Z de caisse 20/12/2022;5.5%;;103.18
2022/12/20;VT;445712;Z de caisse 20/12/2022;;;344.88
2022/12/20;VT;445715;Z de caisse 20/12/2022;;;5.67
2022/12/20;VT;581;Z de caisse 20/12/2022;;1935.30;;
2022/12/20;VT;582;Z de caisse 20/12/2022;;242.81;;
2022/12/21;VT;707200;Z de caisse 21/12/2022;20%;;1399.57
2022/12/21;VT;707200;Z de caisse 21/12/2022;5.5%;;132.04
2022/12/21;VT;707200;Z de caisse 21/12/2022;0%;;75.00
2022/12/21;VT;445712;Z de caisse 21/12/2022;;;279.91
2022/12/21;VT;445715;Z de caisse 21/12/2022;;;7.26
2022/12/21;VT;581;Z de caisse 21/12/2022;;1637.21;;
2022/12/21;VT;582;Z de caisse 21/12/2022;;256.57;;
2022/12/22;VT;___remises___;Z de caisse 22/12/2022;20%;61.45;
2022/12/22;VT;707200;Z de caisse 22/12/2022;20%;;1782.90
2022/12/22;VT;707200;Z de caisse 22/12/2022;5.5%;;59.38
2022/12/22;VT;707200;Z de caisse 22/12/2022;0%;;90.00
2022/12/22;VT;445712;Z de caisse 22/12/2022;;;344.29
2022/12/22;VT;445715;Z de caisse 22/12/2022;;;3.27
2022/12/22;VT;581;Z de caisse 22/12/2022;;1930.70;;
2022/12/22;VT;582;Z de caisse 22/12/2022;;287.69;;
2022/12/23;VT;___remises___;Z de caisse 23/12/2022;20%;4.25;
2022/12/23;VT;707200;Z de caisse 23/12/2022;5.5%;;200.19
2022/12/23;VT;707200;Z de caisse 23/12/2022;20%;;1535.71
2022/12/23;VT;707200;Z de caisse 23/12/2022;0%;;50.00
2022/12/23;VT;445715;Z de caisse 23/12/2022;;;11.01
2022/12/23;VT;445712;Z de caisse 23/12/2022;;;306.29
2022/12/23;VT;581;Z de caisse 23/12/2022;;1890.12;;
2022/12/23;VT;582;Z de caisse 23/12/2022;;208.83;;
2022/12/24;VT;707200;Z de caisse 24/12/2022;20%;;313.31
2022/12/24;VT;445712;Z de caisse 24/12/2022;;;62.66
2022/12/24;VT;581;Z de caisse 24/12/2022;;314.32;;
2022/12/24;VT;582;Z de caisse 24/12/2022;;61.65;;
2022/12/28;VT;___remises___;Z de caisse 28/12/2022;20%;24.53;
2022/12/28;VT;707200;Z de caisse 28/12/2022;20%;;1224.07
2022/12/28;VT;707200;Z de caisse 28/12/2022;0%;80;
2022/12/28;VT;707200;Z de caisse 28/12/2022;5.5%;;27.44
2022/12/28;VT;445712;Z de caisse 28/12/2022;;;239.91
2022/12/28;VT;445715;Z de caisse 28/12/2022;;;1.51
2022/12/28;VT;581;Z de caisse 28/12/2022;;978.38;;
2022/12/28;VT;582;Z de caisse 28/12/2022;;410.01;;
2022/12/28;VT;;Z de caisse 28/12/2022;;0.01;;
2022/12/29;VT;707200;Z de caisse 29/12/2022;20%;;537.19
2022/12/29;VT;707200;Z de caisse 29/12/2022;5.5%;;64.36
2022/12/29;VT;445712;Z de caisse 29/12/2022;;;107.44
2022/12/29;VT;445715;Z de caisse 29/12/2022;;;3.54
2022/12/29;VT;581;Z de caisse 29/12/2022;;570.79;;
2022/12/29;VT;582;Z de caisse 29/12/2022;;141.74;;
2022/12/30;VT;___remises___;Z de caisse 30/12/2022;20%;2.83;
2022/12/30;VT;707200;Z de caisse 30/12/2022;20%;;522.88
2022/12/30;VT;707200;Z de caisse 30/12/2022;5.5%;;9.48
2022/12/30;VT;445712;Z de caisse 30/12/2022;;;104.01
2022/12/30;VT;445715;Z de caisse 30/12/2022;;;0.52
2022/12/30;VT;581;Z de caisse 30/12/2022;;502.53;;
2022/12/30;VT;582;Z de caisse 30/12/2022;;131.54;;
2022/12/30;VT;;Z de caisse 30/12/2022;;;0.01
2022/12/31;VT;707200;Z de caisse 31/12/2022;20%;;826.86
2022/12/31;VT;707200;Z de caisse 31/12/2022;5.5%;;64.74
2022/12/31;VT;445712;Z de caisse 31/12/2022;;;165.37
2022/12/31;VT;445715;Z de caisse 31/12/2022;;;3.56
2022/12/31;VT;581;Z de caisse 31/12/2022;;875.54;;
2022/12/31;VT;582;Z de caisse 31/12/2022;;184.99;;